Payment_ID,Invoice_ID,Payment_Date,Payment_Amount_USD,Payment_Method
PAY00001,INV00001,2023-08-13,112.18,Card
PAY00002,INV00002,2023-08-21,142.69,Bank Transfer
PAY00003,INV00003,2023-08-15,156.25,Bank Transfer
PAY00004,INV00006,2023-08-06,612.0,Card
PAY00005,INV00007,2023-09-14,163.1,Card
PAY00006,INV00008,2023-08-14,74.03,Card
PAY00007,INV00009,2023-08-29,198.08,Bank Transfer
PAY00008,INV00010,2023-09-20,159.16,Card
PAY00009,INV00011,2023-09-19,188.35,Card
PAY00010,INV00012,2023-08-08,841.21,Bank Transfer
PAY00011,INV00015,2023-08-20,228.1,Bank Transfer
PAY00012,INV00017,2023-08-05,195.18,Bank Transfer
PAY00013,INV00018,2023-08-27,149.0,Card
PAY00014,INV00019,2023-08-22,294.09,Bank Transfer
PAY00015,INV00020,2023-07-18,108.31,Bank Transfer
PAY00016,INV00021,2023-07-24,305.13,Card
PAY00017,INV00022,2023-08-04,218.68,Bank Transfer
PAY00018,INV00023,2023-08-20,1041.3,Card
PAY00019,INV00025,2023-08-27,46.35,Bank Transfer
PAY00020,INV00025,2023-08-23,89.32,Card
PAY00021,INV00028,2023-08-24,174.98,Card
PAY00022,INV00029,2023-07-29,791.52,Bank Transfer
PAY00023,INV00030,2023-09-09,158.07,Card
PAY00024,INV00031,2023-07-22,169.12,Card
PAY00025,INV00032,2023-08-06,883.79,Card
PAY00026,INV00034,2023-09-10,247.57,Card
PAY00027,INV00035,2023-08-19,205.96,Card
PAY00028,INV00036,2023-08-16,699.29,Card
PAY00029,INV00039,2023-08-02,152.68,Card
PAY00030,INV00040,2023-07-29,170.22,Card
PAY00031,INV00041,2023-08-06,250.24,Card
PAY00032,INV00043,2023-08-14,192.64,Card
PAY00033,INV00044,2023-08-09,144.02,Card
PAY00034,INV00045,2023-08-05,538.8,Bank Transfer
PAY00035,INV00045,2023-08-13,1022.66,Card
PAY00036,INV00046,2023-07-17,89.18,Card
PAY00037,INV00047,2023-07-31,76.17,Card
PAY00038,INV00047,2023-07-22,62.06,Card
PAY00039,INV00048,2023-09-04,51.27,Bank Transfer
PAY00040,INV00048,2023-07-22,102.41,Card
PAY00041,INV00050,2023-07-27,168.32,Card
PAY00042,INV00051,2023-08-10,114.37,Bank Transfer
PAY00043,INV00052,2023-08-01,326.08,Bank Transfer
PAY00044,INV00054,2023-09-14,213.38,Bank Transfer
PAY00045,INV00055,2023-07-27,226.54,Bank Transfer
PAY00046,INV00056,2023-09-06,140.34,Card
PAY00047,INV00057,2023-09-09,2902.45,Bank Transfer
PAY00048,INV00059,2023-09-04,96.34,Bank Transfer
PAY00049,INV00061,2023-08-26,200.42,Card
PAY00050,INV00062,2023-07-06,307.9,Card
PAY00051,INV00063,2023-08-26,941.8,Bank Transfer
PAY00052,INV00064,2023-07-11,230.52,Bank Transfer
PAY00053,INV00065,2023-07-31,176.16,Card
PAY00054,INV00066,2023-08-21,89.28,Card
PAY00055,INV00067,2023-09-12,228.5,Bank Transfer
PAY00056,INV00068,2023-08-20,96.29,Bank Transfer
PAY00057,INV00068,2023-08-12,42.26,Card
PAY00058,INV00069,2023-07-30,108.19,Card
PAY00059,INV00069,2023-07-27,57.83,Card
PAY00060,INV00071,2023-08-31,2012.32,Card
PAY00061,INV00073,2023-09-06,439.65,Bank Transfer
PAY00062,INV00074,2023-07-14,646.48,Card
PAY00063,INV00076,2023-07-07,127.07,Bank Transfer
PAY00064,INV00077,2023-08-31,242.07,Card
PAY00065,INV00078,2023-07-20,84.93,Card
PAY00066,INV00078,2023-09-05,90.82,Bank Transfer
PAY00067,INV00079,2023-08-24,210.08,Card
PAY00068,INV00080,2023-08-20,51.37,Card
PAY00069,INV00080,2023-08-09,24.43,Card
PAY00070,INV00082,2023-07-28,630.32,Bank Transfer
PAY00071,INV00083,2023-08-24,175.83,Bank Transfer
PAY00072,INV00086,2023-09-03,733.96,Card
PAY00073,INV00088,2023-07-11,675.26,Card
PAY00074,INV00090,2023-09-19,841.94,Card
PAY00075,INV00091,2023-09-07,180.3,Card
PAY00076,INV00092,2023-09-07,126.8,Card
PAY00077,INV00093,2023-09-09,223.16,Bank Transfer
PAY00078,INV00094,2023-09-04,151.32,Card
PAY00079,INV00095,2023-09-13,239.87,Bank Transfer
PAY00080,INV00096,2023-08-29,147.0,Bank Transfer
PAY00081,INV00098,2023-08-17,231.96,Card
PAY00082,INV00099,2023-07-26,348.14,Bank Transfer
PAY00083,INV00100,2023-09-07,198.98,Bank Transfer
PAY00084,INV00101,2023-08-29,824.04,Bank Transfer
PAY00085,INV00102,2023-08-12,831.56,Card
PAY00086,INV00103,2023-08-15,314.61,Card
PAY00087,INV00105,2023-08-24,135.03,Card
PAY00088,INV00106,2023-07-26,151.96,Card
PAY00089,INV00107,2023-08-21,542.09,Bank Transfer
PAY00090,INV00108,2023-07-28,137.01,Bank Transfer
PAY00091,INV00109,2023-09-30,274.86,Card
PAY00092,INV00109,2023-09-03,243.52,Card
PAY00093,INV00111,2023-10-07,297.82,Bank Transfer
PAY00094,INV00112,2023-09-24,251.78,Card
PAY00095,INV00113,2023-08-28,179.76,Bank Transfer
PAY00096,INV00114,2023-08-23,910.35,Card
PAY00097,INV00115,2023-09-19,552.54,Bank Transfer
PAY00098,INV00116,2023-10-02,237.92,Card
PAY00099,INV00118,2023-10-10,106.8,Bank Transfer
PAY00100,INV00120,2023-09-24,272.68,Card
PAY00101,INV00121,2023-10-07,326.27,Card
PAY00102,INV00122,2023-09-25,279.03,Card
PAY00103,INV00123,2023-09-02,250.51,Card
PAY00104,INV00124,2023-10-16,191.59,Bank Transfer
PAY00105,INV00125,2023-09-06,168.01,Bank Transfer
PAY00106,INV00126,2023-09-04,2960.81,Bank Transfer
PAY00107,INV00127,2023-09-09,1213.39,Bank Transfer
PAY00108,INV00128,2023-08-28,384.97,Bank Transfer
PAY00109,INV00129,2023-09-19,123.25,Card
PAY00110,INV00130,2023-08-23,354.11,Card
PAY00111,INV00131,2023-10-18,289.83,Card
PAY00112,INV00132,2023-09-05,380.0,Bank Transfer
PAY00113,INV00136,2023-09-28,783.68,Card
PAY00114,INV00137,2023-08-27,244.01,Card
PAY00115,INV00138,2023-10-13,243.81,Card
PAY00116,INV00139,2023-10-05,160.07,Bank Transfer
PAY00117,INV00140,2023-09-01,910.32,Bank Transfer
PAY00118,INV00141,2023-09-06,186.5,Card
PAY00119,INV00142,2023-09-12,128.01,Card
PAY00120,INV00143,2023-09-16,163.61,Bank Transfer
PAY00121,INV00144,2023-09-09,250.55,Bank Transfer
PAY00122,INV00145,2023-08-22,488.59,Bank Transfer
PAY00123,INV00146,2023-08-11,261.35,Card
PAY00124,INV00148,2023-09-03,169.83,Card
PAY00125,INV00149,2023-09-23,105.15,Card
PAY00126,INV00150,2023-10-02,477.17,Card
PAY00127,INV00151,2023-10-18,116.7,Bank Transfer
PAY00128,INV00152,2023-10-01,1113.6,Card
PAY00129,INV00153,2023-10-04,26.14,Bank Transfer
PAY00130,INV00153,2023-09-28,52.58,Card
PAY00131,INV00154,2023-09-07,1264.43,Card
PAY00132,INV00155,2023-09-04,89.33,Bank Transfer
PAY00133,INV00155,2023-09-16,57.93,Card
PAY00134,INV00156,2023-09-14,23.21,Bank Transfer
PAY00135,INV00156,2023-10-03,42.55,Bank Transfer
PAY00136,INV00157,2023-09-06,214.51,Card
PAY00137,INV00160,2023-08-26,4128.34,Bank Transfer
PAY00138,INV00161,2023-09-17,345.76,Bank Transfer
PAY00139,INV00162,2023-10-18,170.53,Card
PAY00140,INV00163,2023-08-26,244.68,Card
PAY00141,INV00165,2023-09-24,332.78,Bank Transfer
PAY00142,INV00166,2023-08-18,46.1,Card
PAY00143,INV00166,2023-09-24,78.69,Card
PAY00144,INV00169,2023-09-22,398.34,Bank Transfer
PAY00145,INV00170,2023-09-23,231.83,Bank Transfer
PAY00146,INV00171,2023-09-29,1147.89,Card
PAY00147,INV00172,2023-09-13,227.64,Bank Transfer
PAY00148,INV00173,2023-08-22,664.08,Card
PAY00149,INV00175,2023-09-17,228.58,Card
PAY00150,INV00176,2023-10-13,171.8,Card
PAY00151,INV00177,2023-09-29,206.26,Bank Transfer
PAY00152,INV00178,2023-08-24,264.35,Bank Transfer
PAY00153,INV00179,2023-09-25,160.59,Card
PAY00154,INV00180,2023-10-11,1961.21,Bank Transfer
PAY00155,INV00182,2023-10-18,100.36,Card
PAY00156,INV00182,2023-09-26,78.2,Bank Transfer
PAY00157,INV00184,2023-09-16,164.2,Card
PAY00158,INV00185,2023-10-16,377.2,Bank Transfer
PAY00159,INV00186,2023-08-30,203.07,Bank Transfer
PAY00160,INV00187,2023-09-26,258.04,Bank Transfer
PAY00161,INV00188,2023-08-25,173.43,Bank Transfer
PAY00162,INV00189,2023-09-24,1178.15,Bank Transfer
PAY00163,INV00190,2023-08-17,460.94,Card
PAY00164,INV00191,2023-09-11,689.27,Card
PAY00165,INV00192,2023-09-29,202.32,Card
PAY00166,INV00193,2023-09-08,146.97,Card
PAY00167,INV00194,2023-10-01,248.57,Bank Transfer
PAY00168,INV00195,2023-09-04,346.73,Card
PAY00169,INV00196,2023-10-06,2546.32,Card
PAY00170,INV00197,2023-09-23,52.37,Bank Transfer
PAY00171,INV00197,2023-10-05,37.86,Bank Transfer
PAY00172,INV00199,2023-09-12,116.93,Bank Transfer
PAY00173,INV00200,2023-09-13,157.55,Card
PAY00174,INV00202,2023-10-07,74.6,Bank Transfer
PAY00175,INV00204,2023-09-27,144.92,Card
PAY00176,INV00205,2023-08-26,212.94,Card
PAY00177,INV00207,2023-08-26,289.7,Bank Transfer
PAY00178,INV00208,2023-10-14,98.66,Bank Transfer
PAY00179,INV00209,2023-10-26,146.85,Card
PAY00180,INV00211,2023-10-22,39.37,Bank Transfer
PAY00181,INV00211,2023-10-05,85.79,Bank Transfer
PAY00182,INV00214,2023-11-08,312.16,Card
PAY00183,INV00215,2023-11-03,196.93,Card
PAY00184,INV00216,2023-10-09,2139.65,Bank Transfer
PAY00185,INV00218,2023-10-14,132.02,Card
PAY00186,INV00220,2023-10-25,178.41,Bank Transfer
PAY00187,INV00221,2023-10-26,404.82,Card
PAY00188,INV00222,2023-11-06,877.23,Bank Transfer
PAY00189,INV00223,2023-10-14,73.71,Bank Transfer
PAY00190,INV00223,2023-10-12,161.69,Card
PAY00191,INV00224,2023-10-29,680.07,Card
PAY00192,INV00225,2023-10-18,233.8,Bank Transfer
PAY00193,INV00226,2023-10-30,215.81,Bank Transfer
PAY00194,INV00227,2023-10-04,609.18,Card
PAY00195,INV00228,2023-10-30,805.78,Bank Transfer
PAY00196,INV00229,2023-11-04,43.92,Card
PAY00197,INV00229,2023-09-26,90.16,Bank Transfer
PAY00198,INV00233,2023-11-26,43.87,Bank Transfer
PAY00199,INV00233,2023-11-01,84.9,Bank Transfer
PAY00200,INV00235,2023-10-24,109.52,Card
PAY00201,INV00236,2023-10-17,180.09,Bank Transfer
PAY00202,INV00239,2023-10-03,3579.34,Card
PAY00203,INV00240,2023-11-03,159.15,Card
PAY00204,INV00241,2023-10-03,328.63,Bank Transfer
PAY00205,INV00242,2023-11-16,529.14,Bank Transfer
PAY00206,INV00243,2023-10-21,77.04,Bank Transfer
PAY00207,INV00244,2023-10-30,186.02,Card
PAY00208,INV00245,2023-11-03,224.28,Card
PAY00209,INV00246,2023-09-21,238.88,Card
PAY00210,INV00248,2023-10-03,104.62,Bank Transfer
PAY00211,INV00250,2023-10-17,144.25,Card
PAY00212,INV00253,2023-11-11,626.53,Bank Transfer
PAY00213,INV00254,2023-09-24,112.04,Bank Transfer
PAY00214,INV00256,2023-11-13,1860.12,Card
PAY00215,INV00257,2023-10-03,238.95,Card
PAY00216,INV00258,2023-10-03,192.28,Card
PAY00217,INV00259,2023-10-11,59.65,Bank Transfer
PAY00218,INV00259,2023-10-19,37.71,Card
PAY00219,INV00260,2023-09-13,638.9,Card
PAY00220,INV00261,2023-10-04,202.63,Card
PAY00221,INV00262,2023-09-28,192.28,Card
PAY00222,INV00263,2023-11-20,264.11,Bank Transfer
PAY00223,INV00267,2023-10-28,1097.7,Card
PAY00224,INV00268,2023-11-10,3617.55,Bank Transfer
PAY00225,INV00269,2023-09-08,142.8,Bank Transfer
PAY00226,INV00271,2023-11-11,262.06,Bank Transfer
PAY00227,INV00272,2023-10-23,3017.39,Bank Transfer
PAY00228,INV00274,2023-09-23,117.44,Card
PAY00229,INV00275,2023-10-25,271.33,Bank Transfer
PAY00230,INV00276,2023-09-28,2379.47,Card
PAY00231,INV00277,2023-11-17,340.89,Bank Transfer
PAY00232,INV00278,2023-09-22,193.31,Bank Transfer
PAY00233,INV00281,2023-10-03,2599.16,Card
PAY00234,INV00282,2023-10-07,154.67,Bank Transfer
PAY00235,INV00282,2023-09-23,283.95,Bank Transfer
PAY00236,INV00283,2023-11-18,213.78,Bank Transfer
PAY00237,INV00283,2023-10-26,274.88,Bank Transfer
PAY00238,INV00284,2023-10-24,484.5,Bank Transfer
PAY00239,INV00287,2023-11-05,3285.26,Bank Transfer
PAY00240,INV00288,2023-09-24,152.96,Bank Transfer
PAY00241,INV00290,2023-11-11,162.57,Card
PAY00242,INV00291,2023-10-03,84.61,Bank Transfer
PAY00243,INV00291,2023-11-10,51.98,Card
PAY00244,INV00294,2023-09-19,303.55,Card
PAY00245,INV00294,2023-10-14,239.5,Card
PAY00246,INV00295,2023-10-24,137.5,Bank Transfer
PAY00247,INV00297,2023-10-13,786.29,Card
PAY00248,INV00298,2023-10-21,3442.2,Bank Transfer
PAY00249,INV00299,2023-10-15,3182.59,Card
PAY00250,INV00300,2023-10-14,573.27,Card
PAY00251,INV00301,2023-09-28,275.16,Bank Transfer
PAY00252,INV00303,2023-11-18,185.97,Bank Transfer
PAY00253,INV00304,2023-10-22,102.49,Bank Transfer
PAY00254,INV00306,2023-12-13,184.56,Card
PAY00255,INV00307,2023-12-03,89.91,Bank Transfer
PAY00256,INV00308,2023-12-08,185.5,Bank Transfer
PAY00257,INV00309,2023-10-30,673.27,Card
PAY00258,INV00311,2023-11-01,239.73,Bank Transfer
PAY00259,INV00312,2023-11-22,127.1,Card
PAY00260,INV00314,2023-10-15,1861.46,Card
PAY00261,INV00316,2023-10-18,282.27,Bank Transfer
PAY00262,INV00318,2023-10-23,211.68,Bank Transfer
PAY00263,INV00318,2023-10-20,243.78,Bank Transfer
PAY00264,INV00319,2023-11-08,742.2,Card
PAY00265,INV00320,2023-11-16,125.97,Card
PAY00266,INV00321,2023-12-01,314.71,Bank Transfer
PAY00267,INV00322,2023-11-17,1528.42,Bank Transfer
PAY00268,INV00323,2023-11-05,243.37,Bank Transfer
PAY00269,INV00324,2023-11-02,96.01,Bank Transfer
PAY00270,INV00326,2023-11-05,297.18,Bank Transfer
PAY00271,INV00328,2023-10-16,329.06,Bank Transfer
PAY00272,INV00330,2023-11-23,5217.96,Bank Transfer
PAY00273,INV00332,2023-11-18,4831.08,Card
PAY00274,INV00333,2023-12-03,211.41,Bank Transfer
PAY00275,INV00334,2023-10-15,259.72,Card
PAY00276,INV00336,2023-12-12,146.66,Card
PAY00277,INV00338,2023-10-20,174.19,Card
PAY00278,INV00339,2023-11-28,341.7,Bank Transfer
PAY00279,INV00342,2023-10-20,97.13,Bank Transfer
PAY00280,INV00343,2023-11-12,1084.2,Card
PAY00281,INV00344,2023-11-03,171.0,Bank Transfer
PAY00282,INV00345,2023-11-27,175.69,Card
PAY00283,INV00346,2023-10-23,101.64,Bank Transfer
PAY00284,INV00347,2023-11-25,248.64,Bank Transfer
PAY00285,INV00348,2023-10-25,362.92,Bank Transfer
PAY00286,INV00349,2023-11-01,428.11,Card
PAY00287,INV00350,2023-10-13,188.93,Card
PAY00288,INV00351,2023-12-12,143.97,Bank Transfer
PAY00289,INV00353,2023-12-15,143.52,Bank Transfer
PAY00290,INV00354,2023-11-06,4459.79,Bank Transfer
PAY00291,INV00355,2023-11-10,148.55,Bank Transfer
PAY00292,INV00357,2023-10-25,244.15,Bank Transfer
PAY00293,INV00357,2023-11-12,177.12,Card
PAY00294,INV00358,2023-11-22,258.81,Card
PAY00295,INV00360,2023-10-22,138.71,Bank Transfer
PAY00296,INV00362,2023-11-01,205.71,Card
PAY00297,INV00363,2023-12-07,680.93,Bank Transfer
PAY00298,INV00364,2023-11-13,110.68,Bank Transfer
PAY00299,INV00365,2023-12-07,289.36,Card
PAY00300,INV00366,2023-11-20,166.53,Bank Transfer
PAY00301,INV00367,2023-11-05,39.25,Bank Transfer
PAY00302,INV00367,2023-11-27,62.56,Bank Transfer
PAY00303,INV00368,2023-12-07,272.73,Card
PAY00304,INV00369,2023-11-03,128.13,Card
PAY00305,INV00371,2023-10-30,103.21,Bank Transfer
PAY00306,INV00372,2023-11-23,171.69,Card
PAY00307,INV00373,2023-10-26,149.44,Bank Transfer
PAY00308,INV00374,2023-11-03,359.23,Bank Transfer
PAY00309,INV00376,2023-11-29,3495.89,Card
PAY00310,INV00377,2023-11-29,189.08,Bank Transfer
PAY00311,INV00378,2023-10-12,204.56,Bank Transfer
PAY00312,INV00379,2023-11-21,183.64,Bank Transfer
PAY00313,INV00381,2023-10-15,175.73,Bank Transfer
PAY00314,INV00382,2023-11-01,222.86,Card
PAY00315,INV00384,2023-11-09,834.2,Bank Transfer
PAY00316,INV00385,2023-11-23,153.43,Bank Transfer
PAY00317,INV00386,2023-11-28,144.8,Card
PAY00318,INV00387,2023-12-02,116.2,Bank Transfer
PAY00319,INV00388,2023-11-30,418.16,Card
PAY00320,INV00389,2023-11-22,21.6,Card
PAY00321,INV00389,2023-11-18,32.06,Bank Transfer
PAY00322,INV00390,2023-11-08,163.04,Bank Transfer
PAY00323,INV00391,2023-12-07,717.5,Bank Transfer
PAY00324,INV00391,2023-12-02,436.66,Card
PAY00325,INV00393,2023-11-08,100.89,Bank Transfer
PAY00326,INV00394,2023-11-23,226.29,Card
PAY00327,INV00395,2023-10-28,170.84,Card
PAY00328,INV00396,2023-11-29,1906.0,Bank Transfer
PAY00329,INV00397,2023-11-18,875.8,Card
PAY00330,INV00398,2023-11-08,178.25,Bank Transfer
PAY00331,INV00399,2023-11-24,377.42,Bank Transfer
PAY00332,INV00402,2023-11-26,137.08,Card
PAY00333,INV00403,2023-11-30,52.57,Bank Transfer
PAY00334,INV00403,2023-11-22,86.48,Card
PAY00335,INV00407,2023-10-10,487.38,Bank Transfer
PAY00336,INV00408,2023-11-30,614.06,Bank Transfer
PAY00337,INV00409,2023-10-19,111.82,Card
PAY00338,INV00410,2023-12-10,203.89,Bank Transfer
PAY00339,INV00410,2023-11-04,212.93,Card
PAY00340,INV00413,2023-10-09,29.86,Bank Transfer
PAY00341,INV00413,2023-10-13,43.19,Card
PAY00342,INV00414,2023-11-11,150.18,Bank Transfer
PAY00343,INV00415,2023-12-02,138.79,Card
PAY00344,INV00417,2023-11-25,121.19,Bank Transfer
PAY00345,INV00417,2023-10-12,78.24,Bank Transfer
PAY00346,INV00418,2023-11-13,191.22,Card
PAY00347,INV00419,2023-11-15,992.85,Card
PAY00348,INV00420,2023-10-21,2912.31,Card
PAY00349,INV00422,2023-11-23,285.13,Card
PAY00350,INV00423,2023-12-23,300.93,Bank Transfer
PAY00351,INV00425,2023-12-25,711.67,Card
PAY00352,INV00426,2023-12-11,84.78,Card
PAY00353,INV00428,2023-12-02,1272.6,Bank Transfer
PAY00354,INV00429,2023-12-31,317.9,Bank Transfer
PAY00355,INV00431,2023-12-08,103.05,Card
PAY00356,INV00431,2023-11-29,81.35,Bank Transfer
PAY00357,INV00432,2023-12-30,231.3,Card
PAY00358,INV00433,2023-12-23,307.38,Bank Transfer
PAY00359,INV00434,2023-12-03,893.41,Bank Transfer
PAY00360,INV00435,2023-12-14,160.73,Bank Transfer
PAY00361,INV00436,2023-12-27,354.67,Bank Transfer
PAY00362,INV00438,2023-12-27,139.61,Bank Transfer
PAY00363,INV00439,2023-11-25,983.37,Card
PAY00364,INV00440,2023-12-18,135.96,Bank Transfer
PAY00365,INV00441,2023-12-10,130.42,Bank Transfer
PAY00366,INV00442,2024-01-17,179.93,Bank Transfer
PAY00367,INV00443,2024-01-06,695.68,Bank Transfer
PAY00368,INV00444,2023-12-26,223.16,Card
PAY00369,INV00445,2023-12-12,162.05,Bank Transfer
PAY00370,INV00446,2023-12-16,240.63,Bank Transfer
PAY00371,INV00447,2023-12-06,35.2,Card
PAY00372,INV00447,2023-11-20,45.09,Bank Transfer
PAY00373,INV00448,2024-01-02,341.42,Bank Transfer
PAY00374,INV00449,2023-12-11,64.49,Card
PAY00375,INV00449,2023-11-29,69.81,Card
PAY00376,INV00450,2023-12-28,6307.2,Bank Transfer
PAY00377,INV00451,2023-12-19,152.51,Card
PAY00378,INV00453,2024-01-02,109.25,Bank Transfer
PAY00379,INV00455,2023-12-03,232.34,Bank Transfer
PAY00380,INV00457,2024-01-13,34.98,Bank Transfer
PAY00381,INV00457,2023-12-04,46.18,Card
PAY00382,INV00459,2023-12-24,788.4,Bank Transfer
PAY00383,INV00460,2023-11-21,204.62,Card
PAY00384,INV00462,2023-12-11,359.47,Bank Transfer
PAY00385,INV00463,2023-12-29,114.31,Card
PAY00386,INV00464,2024-01-06,547.33,Card
PAY00387,INV00465,2023-12-21,169.27,Bank Transfer
PAY00388,INV00468,2023-12-27,120.63,Bank Transfer
PAY00389,INV00470,2023-11-30,343.23,Card
PAY00390,INV00471,2023-12-16,1455.48,Bank Transfer
PAY00391,INV00473,2023-12-12,1332.01,Card
PAY00392,INV00474,2023-12-04,2934.8,Card
PAY00393,INV00475,2023-12-22,308.8,Card
PAY00394,INV00477,2023-11-17,250.46,Bank Transfer
PAY00395,INV00478,2023-11-27,223.9,Card
PAY00396,INV00479,2023-11-20,370.35,Bank Transfer
PAY00397,INV00480,2023-12-10,263.59,Bank Transfer
PAY00398,INV00481,2023-12-16,223.01,Card
PAY00399,INV00483,2023-12-27,486.07,Card
PAY00400,INV00484,2023-11-25,241.76,Card
PAY00401,INV00485,2023-11-09,260.57,Bank Transfer
PAY00402,INV00486,2024-01-01,401.84,Bank Transfer
PAY00403,INV00488,2024-01-04,44.83,Bank Transfer
PAY00404,INV00488,2024-01-14,57.39,Bank Transfer
PAY00405,INV00489,2023-11-21,509.34,Bank Transfer
PAY00406,INV00490,2024-01-09,3385.23,Bank Transfer
PAY00407,INV00491,2023-12-30,154.81,Card
PAY00408,INV00492,2023-11-26,141.96,Card
PAY00409,INV00493,2023-11-24,224.06,Bank Transfer
PAY00410,INV00494,2023-12-04,294.25,Bank Transfer
PAY00411,INV00495,2023-11-27,189.74,Bank Transfer
PAY00412,INV00496,2023-12-13,322.96,Bank Transfer
PAY00413,INV00497,2024-01-10,1014.83,Bank Transfer
PAY00414,INV00498,2024-01-20,100.05,Card
PAY00415,INV00499,2023-11-22,291.43,Bank Transfer
PAY00416,INV00500,2024-01-20,145.87,Bank Transfer
PAY00417,INV00501,2023-12-09,329.05,Bank Transfer
PAY00418,INV00503,2023-12-18,1102.68,Card
PAY00419,INV00504,2023-12-04,260.6,Card
PAY00420,INV00506,2023-12-23,772.21,Bank Transfer
PAY00421,INV00507,2024-01-01,941.59,Bank Transfer
PAY00422,INV00508,2023-12-12,708.64,Bank Transfer
PAY00423,INV00509,2023-12-12,315.26,Bank Transfer
PAY00424,INV00511,2023-12-19,234.76,Bank Transfer
PAY00425,INV00514,2023-12-12,137.77,Card
PAY00426,INV00515,2023-12-19,200.95,Card
PAY00427,INV00516,2024-01-15,471.27,Card
PAY00428,INV00516,2023-12-29,774.2,Card
PAY00429,INV00517,2023-12-11,185.06,Card
PAY00430,INV00518,2024-02-01,168.87,Bank Transfer
PAY00431,INV00520,2024-01-11,110.28,Card
PAY00432,INV00520,2024-01-20,241.12,Card
PAY00433,INV00521,2024-01-30,216.09,Card
PAY00434,INV00522,2024-01-22,275.1,Bank Transfer
PAY00435,INV00523,2024-01-31,127.35,Bank Transfer
PAY00436,INV00524,2024-02-07,674.15,Card
PAY00437,INV00525,2024-02-05,216.57,Bank Transfer
PAY00438,INV00526,2024-01-15,180.33,Card
PAY00439,INV00528,2024-01-27,82.36,Card
PAY00440,INV00531,2023-12-18,156.7,Card
PAY00441,INV00532,2024-01-05,140.56,Card
PAY00442,INV00533,2023-12-31,106.97,Card
PAY00443,INV00534,2024-02-05,5301.49,Card
PAY00444,INV00535,2023-12-24,604.59,Card
PAY00445,INV00536,2024-01-02,710.44,Bank Transfer
PAY00446,INV00537,2024-01-01,199.16,Card
PAY00447,INV00537,2024-02-02,174.41,Bank Transfer
PAY00448,INV00538,2024-02-13,54.1,Card
PAY00449,INV00538,2024-02-02,52.83,Bank Transfer
PAY00450,INV00540,2024-01-13,1850.74,Card
PAY00451,INV00541,2024-02-14,126.03,Card
PAY00452,INV00542,2024-01-16,215.62,Card
PAY00453,INV00542,2024-01-18,299.94,Bank Transfer
PAY00454,INV00543,2024-01-13,203.62,Bank Transfer
PAY00455,INV00544,2024-01-10,330.46,Bank Transfer
PAY00456,INV00544,2024-01-21,351.19,Card
PAY00457,INV00546,2023-12-23,1489.97,Bank Transfer
PAY00458,INV00547,2023-12-28,566.0,Card
PAY00459,INV00548,2024-01-20,115.09,Card
PAY00460,INV00549,2024-01-07,750.43,Bank Transfer
PAY00461,INV00550,2024-01-11,37.92,Card
PAY00462,INV00550,2023-12-27,86.35,Bank Transfer
PAY00463,INV00554,2024-01-01,2792.9,Card
PAY00464,INV00555,2023-12-25,103.94,Bank Transfer
PAY00465,INV00555,2024-02-04,85.49,Card
PAY00466,INV00556,2023-12-16,219.08,Card
PAY00467,INV00558,2024-01-21,247.68,Card
PAY00468,INV00559,2024-01-29,4156.3,Bank Transfer
PAY00469,INV00560,2024-01-18,1330.76,Card
PAY00470,INV00560,2024-01-31,769.02,Card
PAY00471,INV00561,2023-12-08,544.29,Bank Transfer
PAY00472,INV00562,2024-01-10,157.46,Bank Transfer
PAY00473,INV00563,2024-02-15,117.43,Bank Transfer
PAY00474,INV00564,2024-01-19,380.34,Bank Transfer
PAY00475,INV00565,2024-01-17,76.65,Bank Transfer
PAY00476,INV00565,2024-01-20,54.86,Card
PAY00477,INV00566,2023-12-31,221.07,Card
PAY00478,INV00568,2023-12-18,145.23,Bank Transfer
PAY00479,INV00569,2024-02-03,172.71,Bank Transfer
PAY00480,INV00570,2024-02-18,59.39,Bank Transfer
PAY00481,INV00571,2024-01-28,261.27,Bank Transfer
PAY00482,INV00572,2024-02-12,593.27,Card
PAY00483,INV00575,2024-02-06,104.89,Card
PAY00484,INV00576,2024-01-01,1130.44,Card
PAY00485,INV00577,2023-12-20,2063.48,Bank Transfer
PAY00486,INV00578,2024-01-05,559.14,Card
PAY00487,INV00580,2024-01-08,381.56,Card
PAY00488,INV00581,2024-01-28,262.24,Bank Transfer
PAY00489,INV00582,2024-01-07,545.64,Bank Transfer
PAY00490,INV00583,2024-02-06,31.36,Bank Transfer
PAY00491,INV00583,2024-01-31,53.04,Bank Transfer
PAY00492,INV00584,2024-01-11,2518.09,Bank Transfer
PAY00493,INV00585,2024-01-09,1971.44,Card
PAY00494,INV00586,2023-12-07,206.58,Card
PAY00495,INV00588,2024-02-04,875.34,Card
PAY00496,INV00589,2023-12-15,366.1,Card
PAY00497,INV00590,2024-01-09,759.75,Card
PAY00498,INV00592,2023-12-15,172.6,Bank Transfer
PAY00499,INV00593,2024-01-14,176.16,Bank Transfer
PAY00500,INV00596,2024-01-29,238.38,Bank Transfer
PAY00501,INV00598,2024-02-06,110.24,Card
PAY00502,INV00599,2024-02-01,241.93,Bank Transfer
PAY00503,INV00600,2024-01-27,222.59,Card
PAY00504,INV00602,2024-01-29,134.8,Bank Transfer
PAY00505,INV00603,2024-02-15,169.35,Card
PAY00506,INV00604,2023-12-23,149.77,Card
PAY00507,INV00606,2024-01-28,219.34,Bank Transfer
PAY00508,INV00609,2024-01-23,159.0,Bank Transfer
PAY00509,INV00610,2023-12-16,142.67,Bank Transfer
PAY00510,INV00612,2024-01-30,888.22,Bank Transfer
PAY00511,INV00613,2024-02-09,206.19,Card
PAY00512,INV00614,2024-01-07,181.45,Bank Transfer
PAY00513,INV00615,2024-01-19,1070.88,Bank Transfer
PAY00514,INV00616,2024-01-04,195.43,Bank Transfer
PAY00515,INV00618,2024-01-08,36.89,Card
PAY00516,INV00618,2024-01-14,62.93,Card
PAY00517,INV00619,2024-01-23,140.48,Card
PAY00518,INV00620,2024-01-29,1431.84,Card
PAY00519,INV00624,2024-01-19,464.68,Card
PAY00520,INV00624,2024-02-02,279.22,Card
PAY00521,INV00625,2024-02-13,1164.79,Card
PAY00522,INV00627,2024-01-12,246.94,Bank Transfer
PAY00523,INV00628,2024-01-26,778.65,Bank Transfer
PAY00524,INV00629,2024-01-19,60.64,Card
PAY00525,INV00629,2023-12-08,53.92,Bank Transfer
PAY00526,INV00630,2024-01-22,178.84,Bank Transfer
PAY00527,INV00633,2023-12-17,1134.35,Bank Transfer
PAY00528,INV00634,2024-01-15,693.03,Bank Transfer
PAY00529,INV00635,2024-02-27,3230.52,Bank Transfer
PAY00530,INV00636,2024-03-17,297.43,Card
PAY00531,INV00637,2024-03-04,143.8,Card
PAY00532,INV00637,2024-01-12,80.93,Card
PAY00533,INV00638,2024-01-17,224.55,Card
PAY00534,INV00638,2024-02-20,213.04,Card
PAY00535,INV00639,2024-02-13,145.15,Bank Transfer
PAY00536,INV00640,2024-02-01,318.77,Card
PAY00537,INV00641,2024-02-11,267.97,Card
PAY00538,INV00642,2024-02-20,203.63,Bank Transfer
PAY00539,INV00643,2024-01-25,177.86,Card
PAY00540,INV00644,2024-02-06,173.46,Card
PAY00541,INV00645,2024-03-15,182.66,Bank Transfer
PAY00542,INV00646,2024-03-05,219.44,Card
PAY00543,INV00647,2024-01-28,147.32,Bank Transfer
PAY00544,INV00648,2024-02-25,292.68,Bank Transfer
PAY00545,INV00649,2024-03-14,121.93,Bank Transfer
PAY00546,INV00650,2024-02-12,314.12,Bank Transfer
PAY00547,INV00651,2024-02-09,135.02,Bank Transfer
PAY00548,INV00652,2024-03-02,152.2,Bank Transfer
PAY00549,INV00653,2024-01-31,104.52,Bank Transfer
PAY00550,INV00655,2024-02-18,177.34,Card
PAY00551,INV00656,2024-02-14,333.68,Bank Transfer
PAY00552,INV00657,2024-02-12,387.7,Bank Transfer
PAY00553,INV00658,2024-03-19,23.87,Card
PAY00554,INV00658,2024-02-14,34.19,Card
PAY00555,INV00659,2024-03-08,245.59,Bank Transfer
PAY00556,INV00662,2024-02-12,853.16,Bank Transfer
PAY00557,INV00664,2024-02-28,261.12,Bank Transfer
PAY00558,INV00665,2024-03-12,484.56,Bank Transfer
PAY00559,INV00666,2024-03-10,257.45,Bank Transfer
PAY00560,INV00669,2024-01-28,212.61,Card
PAY00561,INV00670,2024-02-06,242.88,Card
PAY00562,INV00671,2024-03-16,100.54,Card
PAY00563,INV00672,2024-02-08,325.68,Card
PAY00564,INV00673,2024-02-02,500.05,Card
PAY00565,INV00674,2024-01-31,199.55,Card
PAY00566,INV00674,2024-02-15,357.39,Bank Transfer
PAY00567,INV00677,2024-02-24,70.73,Bank Transfer
PAY00568,INV00677,2024-02-24,117.91,Bank Transfer
PAY00569,INV00678,2024-02-25,416.68,Card
PAY00570,INV00679,2024-02-11,1927.28,Bank Transfer
PAY00571,INV00682,2024-02-12,190.59,Bank Transfer
PAY00572,INV00683,2024-01-25,915.41,Card
PAY00573,INV00684,2024-03-03,177.05,Card
PAY00574,INV00684,2024-02-07,202.25,Bank Transfer
PAY00575,INV00686,2024-02-29,296.27,Bank Transfer
PAY00576,INV00689,2024-02-18,137.55,Card
PAY00577,INV00691,2024-01-28,249.66,Card
PAY00578,INV00692,2024-03-05,522.41,Card
PAY00579,INV00693,2024-02-16,83.9,Bank Transfer
PAY00580,INV00693,2024-02-01,99.85,Bank Transfer
PAY00581,INV00695,2024-02-13,3717.01,Bank Transfer
PAY00582,INV00696,2024-02-02,150.01,Bank Transfer
PAY00583,INV00697,2024-03-19,265.06,Bank Transfer
PAY00584,INV00698,2024-03-01,691.96,Card
PAY00585,INV00699,2024-02-18,138.14,Bank Transfer
PAY00586,INV00700,2024-02-10,129.75,Card
PAY00587,INV00701,2024-02-27,971.13,Card
PAY00588,INV00702,2024-02-23,162.31,Card
PAY00589,INV00703,2024-03-05,215.86,Bank Transfer
PAY00590,INV00704,2024-02-21,2028.7,Card
PAY00591,INV00705,2024-03-01,339.58,Bank Transfer
PAY00592,INV00706,2024-02-25,183.93,Bank Transfer
PAY00593,INV00709,2024-02-22,7139.04,Card
PAY00594,INV00710,2024-02-23,258.43,Bank Transfer
PAY00595,INV00711,2024-01-18,137.69,Card
PAY00596,INV00712,2024-02-26,274.32,Card
PAY00597,INV00713,2024-03-03,348.91,Card
PAY00598,INV00714,2024-01-25,257.34,Card
PAY00599,INV00715,2024-02-11,142.99,Bank Transfer
PAY00600,INV00716,2024-01-10,2073.6,Card
PAY00601,INV00716,2024-01-20,1177.51,Card
PAY00602,INV00717,2024-01-19,871.81,Bank Transfer
PAY00603,INV00718,2024-02-08,209.42,Bank Transfer
PAY00604,INV00719,2024-02-12,740.67,Bank Transfer
PAY00605,INV00720,2024-01-15,125.15,Bank Transfer
PAY00606,INV00721,2024-03-24,27.29,Bank Transfer
PAY00607,INV00721,2024-03-17,57.25,Card
PAY00608,INV00722,2024-03-23,354.97,Bank Transfer
PAY00609,INV00723,2024-03-28,531.8,Card
PAY00610,INV00724,2024-04-01,362.88,Bank Transfer
PAY00611,INV00726,2024-02-10,138.88,Bank Transfer
PAY00612,INV00727,2024-02-23,3347.31,Card
PAY00613,INV00729,2024-03-29,389.72,Card
PAY00614,INV00730,2024-03-31,119.72,Card
PAY00615,INV00731,2024-03-31,813.68,Bank Transfer
PAY00616,INV00732,2024-02-24,691.13,Card
PAY00617,INV00734,2024-04-16,1089.92,Bank Transfer
PAY00618,INV00735,2024-04-04,158.53,Bank Transfer
PAY00619,INV00737,2024-04-15,231.22,Bank Transfer
PAY00620,INV00739,2024-03-31,426.9,Bank Transfer
PAY00621,INV00741,2024-04-23,267.16,Bank Transfer
PAY00622,INV00742,2024-03-17,202.52,Card
PAY00623,INV00743,2024-03-06,65.92,Card
PAY00624,INV00743,2024-03-04,72.53,Card
PAY00625,INV00744,2024-03-20,156.83,Bank Transfer
PAY00626,INV00746,2024-02-16,50.12,Bank Transfer
PAY00627,INV00746,2024-02-21,67.53,Card
PAY00628,INV00747,2024-03-27,424.19,Card
PAY00629,INV00749,2024-02-20,238.81,Bank Transfer
PAY00630,INV00750,2024-03-11,200.27,Card
PAY00631,INV00752,2024-03-11,342.07,Card
PAY00632,INV00753,2024-02-17,49.25,Card
PAY00633,INV00753,2024-02-27,80.81,Bank Transfer
PAY00634,INV00754,2024-03-24,202.77,Card
PAY00635,INV00757,2024-03-19,123.32,Card
PAY00636,INV00758,2024-04-25,375.67,Card
PAY00637,INV00759,2024-02-28,51.18,Card
PAY00638,INV00759,2024-03-29,104.44,Card
PAY00639,INV00760,2024-03-13,59.59,Bank Transfer
PAY00640,INV00760,2024-03-21,132.66,Bank Transfer
PAY00641,INV00762,2024-03-10,189.31,Bank Transfer
PAY00642,INV00763,2024-03-07,42.86,Bank Transfer
PAY00643,INV00763,2024-03-09,67.93,Card
PAY00644,INV00764,2024-04-02,261.19,Card
PAY00645,INV00766,2024-02-10,193.97,Card
PAY00646,INV00767,2024-02-26,1428.52,Bank Transfer
PAY00647,INV00769,2024-04-07,173.75,Card
PAY00648,INV00770,2024-03-21,95.97,Bank Transfer
PAY00649,INV00771,2024-03-31,251.89,Bank Transfer
PAY00650,INV00772,2024-02-26,106.98,Bank Transfer
PAY00651,INV00773,2024-03-15,235.8,Bank Transfer
PAY00652,INV00774,2024-03-01,5214.63,Bank Transfer
PAY00653,INV00775,2024-03-03,222.68,Bank Transfer
PAY00654,INV00777,2024-04-25,146.0,Bank Transfer
PAY00655,INV00779,2024-03-08,158.09,Card
PAY00656,INV00781,2024-03-27,630.01,Bank Transfer
PAY00657,INV00782,2024-03-07,206.44,Card
PAY00658,INV00783,2024-02-16,228.05,Card
PAY00659,INV00784,2024-04-16,4011.57,Bank Transfer
PAY00660,INV00785,2024-04-02,601.11,Card
PAY00661,INV00786,2024-04-16,84.51,Bank Transfer
PAY00662,INV00787,2024-04-05,136.12,Card
PAY00663,INV00788,2024-03-15,642.25,Bank Transfer
PAY00664,INV00789,2024-02-26,244.22,Card
PAY00665,INV00790,2024-02-17,68.78,Card
PAY00666,INV00790,2024-03-28,50.71,Bank Transfer
PAY00667,INV00791,2024-03-06,943.57,Bank Transfer
PAY00668,INV00792,2024-03-30,152.8,Bank Transfer
PAY00669,INV00793,2024-03-12,143.4,Card
PAY00670,INV00794,2024-03-14,54.55,Card
PAY00671,INV00794,2024-04-08,70.68,Card
PAY00672,INV00795,2024-04-17,2408.14,Card
PAY00673,INV00796,2024-03-10,142.43,Bank Transfer
PAY00674,INV00797,2024-04-08,265.68,Bank Transfer
PAY00675,INV00798,2024-03-31,212.29,Card
PAY00676,INV00799,2024-02-29,160.92,Bank Transfer
PAY00677,INV00800,2024-02-25,324.37,Card
PAY00678,INV00801,2024-04-06,35.48,Card
PAY00679,INV00801,2024-03-19,64.82,Card
PAY00680,INV00803,2024-03-14,385.73,Card
PAY00681,INV00804,2024-03-09,270.18,Card
PAY00682,INV00805,2024-02-19,110.92,Card
PAY00683,INV00806,2024-03-25,4052.98,Bank Transfer
PAY00684,INV00808,2024-02-18,230.33,Bank Transfer
PAY00685,INV00809,2024-04-17,199.43,Card
PAY00686,INV00810,2024-04-15,162.6,Bank Transfer
PAY00687,INV00812,2024-04-09,104.84,Bank Transfer
PAY00688,INV00814,2024-02-15,393.11,Card
PAY00689,INV00818,2024-03-17,487.11,Card
PAY00690,INV00819,2024-04-19,354.18,Card
PAY00691,INV00820,2024-03-30,209.46,Bank Transfer
PAY00692,INV00821,2024-05-02,156.54,Card
PAY00693,INV00822,2024-05-09,163.77,Bank Transfer
PAY00694,INV00823,2024-04-29,121.19,Card
PAY00695,INV00824,2024-05-04,151.18,Bank Transfer
PAY00696,INV00825,2024-03-29,138.49,Bank Transfer
PAY00697,INV00826,2024-04-21,167.59,Card
PAY00698,INV00827,2024-03-15,2328.88,Card
PAY00699,INV00828,2024-04-30,143.06,Card
PAY00700,INV00828,2024-04-10,220.63,Bank Transfer
PAY00701,INV00829,2024-03-15,783.39,Card
PAY00702,INV00830,2024-03-26,145.75,Bank Transfer
PAY00703,INV00831,2024-04-06,291.72,Bank Transfer
PAY00704,INV00832,2024-05-04,198.17,Card
PAY00705,INV00833,2024-03-25,237.08,Card
PAY00706,INV00834,2024-04-08,156.71,Bank Transfer
PAY00707,INV00835,2024-04-19,443.56,Card
PAY00708,INV00836,2024-05-14,3543.89,Bank Transfer
PAY00709,INV00837,2024-04-06,3074.89,Bank Transfer
PAY00710,INV00838,2024-04-11,196.52,Bank Transfer
PAY00711,INV00839,2024-05-14,3636.44,Bank Transfer
PAY00712,INV00840,2024-03-16,1557.29,Bank Transfer
PAY00713,INV00841,2024-05-06,581.05,Card
PAY00714,INV00842,2024-04-16,31.3,Card
PAY00715,INV00842,2024-03-29,54.02,Bank Transfer
PAY00716,INV00843,2024-04-16,197.57,Bank Transfer
PAY00717,INV00844,2024-03-29,358.28,Card
PAY00718,INV00846,2024-04-13,354.5,Card
PAY00719,INV00846,2024-03-21,209.36,Bank Transfer
PAY00720,INV00847,2024-05-01,78.26,Card
PAY00721,INV00847,2024-05-14,65.17,Card
PAY00722,INV00848,2024-04-10,246.66,Bank Transfer
PAY00723,INV00849,2024-05-04,428.0,Card
PAY00724,INV00850,2024-04-28,307.59,Bank Transfer
PAY00725,INV00851,2024-04-04,219.65,Bank Transfer
PAY00726,INV00852,2024-03-19,1849.54,Card
PAY00727,INV00853,2024-05-15,2266.41,Card
PAY00728,INV00854,2024-04-23,256.18,Card
PAY00729,INV00855,2024-04-18,455.75,Card
PAY00730,INV00857,2024-04-13,153.18,Bank Transfer
PAY00731,INV00858,2024-04-27,199.18,Bank Transfer
PAY00732,INV00860,2024-03-19,100.69,Card
PAY00733,INV00861,2024-05-02,256.26,Bank Transfer
PAY00734,INV00864,2024-04-29,157.7,Bank Transfer
PAY00735,INV00866,2024-04-19,305.68,Card
PAY00736,INV00867,2024-04-02,113.25,Card
PAY00737,INV00868,2024-04-15,697.38,Bank Transfer
PAY00738,INV00869,2024-04-13,471.02,Bank Transfer
PAY00739,INV00870,2024-04-06,118.01,Card
PAY00740,INV00870,2024-04-14,210.04,Card
PAY00741,INV00871,2024-03-11,292.63,Card
PAY00742,INV00872,2024-04-11,402.19,Card
PAY00743,INV00873,2024-04-25,187.77,Card
PAY00744,INV00874,2024-04-12,212.01,Card
PAY00745,INV00876,2024-04-09,21.12,Card
PAY00746,INV00876,2024-04-15,43.64,Bank Transfer
PAY00747,INV00879,2024-05-03,86.11,Bank Transfer
PAY00748,INV00882,2024-04-17,795.69,Bank Transfer
PAY00749,INV00883,2024-04-28,181.17,Bank Transfer
PAY00750,INV00884,2024-04-28,407.34,Card
PAY00751,INV00884,2024-04-24,187.12,Card
PAY00752,INV00885,2024-04-08,25.39,Card
PAY00753,INV00885,2024-05-10,36.24,Card
PAY00754,INV00886,2024-04-15,700.34,Bank Transfer
PAY00755,INV00887,2024-04-11,397.03,Bank Transfer
PAY00756,INV00888,2024-04-02,891.86,Card
PAY00757,INV00889,2024-03-29,108.46,Bank Transfer
PAY00758,INV00890,2024-04-27,3207.37,Card
PAY00759,INV00893,2024-03-31,229.59,Bank Transfer
PAY00760,INV00894,2024-04-07,173.09,Card
PAY00761,INV00895,2024-04-06,195.92,Card
PAY00762,INV00897,2024-04-07,294.36,Bank Transfer
PAY00763,INV00898,2024-03-26,175.4,Bank Transfer
PAY00764,INV00899,2024-04-18,1284.83,Card
PAY00765,INV00900,2024-03-19,740.0,Bank Transfer
PAY00766,INV00901,2024-04-10,336.55,Bank Transfer
PAY00767,INV00902,2024-05-03,332.59,Card
PAY00768,INV00904,2024-04-29,2181.12,Card
PAY00769,INV00905,2024-04-03,152.67,Bank Transfer
PAY00770,INV00906,2024-04-24,226.95,Card
PAY00771,INV00906,2024-04-21,512.2,Bank Transfer
PAY00772,INV00909,2024-03-12,2253.89,Card
PAY00773,INV00910,2024-03-18,3961.92,Card
PAY00774,INV00911,2024-04-08,219.52,Bank Transfer
PAY00775,INV00912,2024-04-24,175.27,Bank Transfer
PAY00776,INV00913,2024-04-12,116.99,Card
PAY00777,INV00914,2024-04-02,519.62,Bank Transfer
PAY00778,INV00917,2024-03-29,1452.85,Card
PAY00779,INV00918,2024-03-27,171.41,Card
PAY00780,INV00920,2024-05-15,183.13,Bank Transfer
PAY00781,INV00921,2024-04-24,228.32,Card
PAY00782,INV00922,2024-03-17,140.12,Bank Transfer
PAY00783,INV00926,2024-05-14,149.19,Card
PAY00784,INV00927,2024-04-18,3781.16,Card
PAY00785,INV00929,2024-04-20,417.57,Card
PAY00786,INV00930,2024-05-18,184.44,Card
PAY00787,INV00931,2024-05-13,570.42,Bank Transfer
PAY00788,INV00932,2024-05-21,250.22,Bank Transfer
PAY00789,INV00934,2024-05-16,198.74,Card
PAY00790,INV00936,2024-04-15,95.76,Card
PAY00791,INV00937,2024-04-14,126.7,Card
PAY00792,INV00939,2024-04-29,121.28,Card
PAY00793,INV00941,2024-05-21,404.16,Bank Transfer
PAY00794,INV00942,2024-05-17,33.89,Card
PAY00795,INV00942,2024-04-21,58.55,Bank Transfer
PAY00796,INV00943,2024-04-26,2794.4,Card
PAY00797,INV00945,2024-05-07,983.6,Bank Transfer
PAY00798,INV00946,2024-05-03,231.97,Bank Transfer
PAY00799,INV00947,2024-04-20,137.88,Bank Transfer
PAY00800,INV00949,2024-05-24,354.51,Card
PAY00801,INV00952,2024-04-26,48.58,Card
PAY00802,INV00952,2024-05-19,76.69,Bank Transfer
PAY00803,INV00954,2024-04-25,197.01,Bank Transfer
PAY00804,INV00955,2024-05-08,515.91,Card
PAY00805,INV00956,2024-05-31,4166.74,Bank Transfer
PAY00806,INV00957,2024-04-18,8475.23,Bank Transfer
PAY00807,INV00958,2024-05-31,536.25,Bank Transfer
PAY00808,INV00958,2024-05-28,545.64,Card
PAY00809,INV00959,2024-05-02,151.68,Card
PAY00810,INV00960,2024-05-22,198.84,Card
PAY00811,INV00961,2024-05-03,3134.05,Card
PAY00812,INV00962,2024-06-03,140.01,Bank Transfer
PAY00813,INV00963,2024-05-27,406.54,Card
PAY00814,INV00963,2024-05-19,183.65,Bank Transfer
PAY00815,INV00964,2024-05-04,206.46,Bank Transfer
PAY00816,INV00965,2024-05-16,144.5,Card
PAY00817,INV00967,2024-05-15,298.5,Card
PAY00818,INV00968,2024-05-19,176.91,Bank Transfer
PAY00819,INV00970,2024-05-24,866.18,Bank Transfer
PAY00820,INV00971,2024-04-22,466.13,Bank Transfer
PAY00821,INV00972,2024-05-13,163.48,Bank Transfer
PAY00822,INV00973,2024-06-19,1018.24,Card
PAY00823,INV00974,2024-05-21,1433.64,Bank Transfer
PAY00824,INV00976,2024-05-03,185.36,Bank Transfer
PAY00825,INV00977,2024-04-30,222.96,Bank Transfer
PAY00826,INV00977,2024-04-24,349.47,Bank Transfer
PAY00827,INV00978,2024-04-19,86.94,Card
PAY00828,INV00978,2024-04-17,68.43,Bank Transfer
PAY00829,INV00979,2024-04-14,1025.47,Bank Transfer
PAY00830,INV00980,2024-05-12,81.99,Card
PAY00831,INV00980,2024-04-21,185.93,Bank Transfer
PAY00832,INV00982,2024-05-12,214.75,Bank Transfer
PAY00833,INV00984,2024-06-03,197.62,Card
PAY00834,INV00985,2024-04-30,347.41,Card
PAY00835,INV00986,2024-06-05,47.05,Card
PAY00836,INV00986,2024-04-22,36.77,Card
PAY00837,INV00987,2024-06-09,244.23,Card
PAY00838,INV00988,2024-06-08,56.01,Bank Transfer
PAY00839,INV00988,2024-06-02,84.98,Card
PAY00840,INV00990,2024-04-13,261.48,Card
PAY00841,INV00993,2024-05-21,123.29,Bank Transfer
PAY00842,INV00994,2024-04-29,136.14,Card
PAY00843,INV00996,2024-06-21,123.01,Card
PAY00844,INV00997,2024-04-25,414.01,Card
PAY00845,INV00997,2024-04-21,487.86,Card
PAY00846,INV01002,2024-05-31,364.21,Card
PAY00847,INV01003,2024-04-22,120.53,Card
PAY00848,INV01004,2024-04-30,211.4,Bank Transfer
PAY00849,INV01005,2024-04-30,724.37,Bank Transfer
PAY00850,INV01005,2024-05-12,1417.98,Card
PAY00851,INV01007,2024-05-16,305.26,Card
PAY00852,INV01008,2024-05-09,223.73,Card
PAY00853,INV01009,2024-05-13,1152.71,Bank Transfer
PAY00854,INV01010,2024-04-19,172.05,Card
PAY00855,INV01011,2024-05-07,270.75,Bank Transfer
PAY00856,INV01012,2024-04-18,159.16,Card
PAY00857,INV01013,2024-06-22,138.05,Bank Transfer
PAY00858,INV01015,2024-05-31,1106.55,Bank Transfer
PAY00859,INV01016,2024-05-17,174.37,Bank Transfer
PAY00860,INV01017,2024-04-13,1182.49,Bank Transfer
PAY00861,INV01018,2024-04-16,127.18,Bank Transfer
PAY00862,INV01020,2024-05-08,1687.81,Bank Transfer
PAY00863,INV01021,2024-05-03,614.6,Card
PAY00864,INV01022,2024-05-13,111.41,Bank Transfer
PAY00865,INV01023,2024-04-27,181.17,Card
PAY00866,INV01024,2024-05-06,214.84,Card
PAY00867,INV01025,2024-04-09,136.66,Card
PAY00868,INV01025,2024-05-04,76.56,Card
PAY00869,INV01027,2024-05-15,212.93,Bank Transfer
PAY00870,INV01027,2024-04-22,298.36,Bank Transfer
PAY00871,INV01028,2024-05-24,185.04,Card
PAY00872,INV01030,2024-05-23,246.0,Card
PAY00873,INV01031,2024-05-07,543.44,Card
PAY00874,INV01032,2024-06-14,194.32,Bank Transfer
PAY00875,INV01033,2024-05-22,212.41,Card
PAY00876,INV01034,2024-05-13,154.8,Card
PAY00877,INV01035,2024-06-21,189.67,Bank Transfer
PAY00878,INV01036,2024-06-06,213.4,Card
PAY00879,INV01037,2024-05-03,103.9,Bank Transfer
PAY00880,INV01038,2024-05-04,222.37,Card
PAY00881,INV01039,2024-07-18,217.56,Card
PAY00882,INV01040,2024-07-12,167.01,Bank Transfer
PAY00883,INV01041,2024-05-24,141.52,Card
PAY00884,INV01042,2024-05-26,128.88,Card
PAY00885,INV01044,2024-07-10,330.54,Bank Transfer
PAY00886,INV01045,2024-06-21,293.06,Card
PAY00887,INV01046,2024-07-03,305.97,Bank Transfer
PAY00888,INV01048,2024-05-20,758.44,Card
PAY00889,INV01049,2024-06-26,119.82,Card
PAY00890,INV01050,2024-07-07,188.57,Bank Transfer
PAY00891,INV01051,2024-06-13,136.99,Card
PAY00892,INV01051,2024-07-15,226.74,Card
PAY00893,INV01052,2024-06-06,409.41,Card
PAY00894,INV01054,2024-06-16,336.34,Card
PAY00895,INV01055,2024-06-13,277.81,Card
PAY00896,INV01056,2024-07-10,635.14,Bank Transfer
PAY00897,INV01057,2024-05-21,256.2,Bank Transfer
PAY00898,INV01058,2024-06-14,103.16,Bank Transfer
PAY00899,INV01059,2024-07-15,91.79,Bank Transfer
PAY00900,INV01059,2024-06-11,83.62,Bank Transfer
PAY00901,INV01060,2024-07-04,131.07,Bank Transfer
PAY00902,INV01063,2024-06-22,3654.06,Bank Transfer
PAY00903,INV01064,2024-05-16,171.23,Card
PAY00904,INV01065,2024-06-18,2290.89,Bank Transfer
PAY00905,INV01067,2024-06-01,246.05,Card
PAY00906,INV01068,2024-07-13,327.63,Bank Transfer
PAY00907,INV01069,2024-06-07,209.4,Bank Transfer
PAY00908,INV01070,2024-07-10,147.63,Bank Transfer
PAY00909,INV01072,2024-06-23,241.87,Card
PAY00910,INV01073,2024-07-17,2884.83,Bank Transfer
PAY00911,INV01074,2024-07-24,202.48,Card
PAY00912,INV01075,2024-07-01,172.82,Card
PAY00913,INV01076,2024-06-06,181.28,Card
PAY00914,INV01077,2024-05-19,499.08,Card
PAY00915,INV01078,2024-07-06,773.41,Bank Transfer
PAY00916,INV01079,2024-06-10,120.05,Card
PAY00917,INV01080,2024-06-16,221.73,Bank Transfer
PAY00918,INV01080,2024-07-12,144.58,Bank Transfer
PAY00919,INV01082,2024-05-24,788.82,Bank Transfer
PAY00920,INV01084,2024-07-06,506.34,Bank Transfer
PAY00921,INV01085,2024-05-31,159.98,Card
PAY00922,INV01086,2024-05-28,197.04,Card
PAY00923,INV01087,2024-06-30,386.69,Bank Transfer
PAY00924,INV01088,2024-06-10,176.72,Bank Transfer
PAY00925,INV01089,2024-06-15,163.99,Bank Transfer
PAY00926,INV01089,2024-06-03,77.69,Card
PAY00927,INV01090,2024-05-11,191.48,Card
PAY00928,INV01091,2024-07-09,276.97,Bank Transfer
PAY00929,INV01092,2024-05-29,79.06,Card
PAY00930,INV01092,2024-06-17,45.48,Card
PAY00931,INV01094,2024-07-07,176.89,Bank Transfer
PAY00932,INV01095,2024-05-24,170.91,Card
PAY00933,INV01096,2024-06-24,262.15,Card
PAY00934,INV01097,2024-06-27,535.43,Bank Transfer
PAY00935,INV01098,2024-05-24,258.29,Bank Transfer
PAY00936,INV01099,2024-06-20,710.12,Bank Transfer
PAY00937,INV01101,2024-06-25,112.34,Card
PAY00938,INV01102,2024-06-24,180.15,Card
PAY00939,INV01104,2024-05-27,121.44,Card
PAY00940,INV01105,2024-07-22,421.48,Card
PAY00941,INV01106,2024-06-02,1321.49,Bank Transfer
PAY00942,INV01107,2024-05-23,320.4,Card
PAY00943,INV01108,2024-06-24,264.01,Card
PAY00944,INV01109,2024-07-20,598.81,Card
PAY00945,INV01110,2024-06-12,339.93,Card
PAY00946,INV01111,2024-06-22,127.21,Bank Transfer
PAY00947,INV01112,2024-06-20,262.07,Bank Transfer
PAY00948,INV01113,2024-05-22,887.9,Card
PAY00949,INV01114,2024-05-21,822.5,Bank Transfer
PAY00950,INV01115,2024-06-26,362.9,Card
PAY00951,INV01116,2024-06-13,287.05,Card
PAY00952,INV01117,2024-06-01,243.47,Card
PAY00953,INV01118,2024-07-24,148.95,Card
PAY00954,INV01119,2024-06-08,847.71,Card
PAY00955,INV01122,2024-06-14,643.68,Card
PAY00956,INV01123,2024-06-16,427.55,Card
PAY00957,INV01124,2024-07-02,154.21,Card
PAY00958,INV01125,2024-07-04,114.69,Bank Transfer
PAY00959,INV01125,2024-06-08,60.32,Card
PAY00960,INV01126,2024-06-08,51.19,Bank Transfer
PAY00961,INV01126,2024-06-09,43.16,Card
PAY00962,INV01128,2024-05-06,240.67,Card
PAY00963,INV01130,2024-06-07,194.58,Card
PAY00964,INV01131,2024-07-01,370.43,Bank Transfer
PAY00965,INV01132,2024-05-09,698.2,Bank Transfer
PAY00966,INV01133,2024-07-12,254.97,Bank Transfer
PAY00967,INV01134,2024-06-17,164.6,Bank Transfer
PAY00968,INV01135,2024-06-30,924.08,Bank Transfer
PAY00969,INV01137,2024-05-21,191.03,Bank Transfer
PAY00970,INV01138,2024-07-12,274.39,Card
PAY00971,INV01139,2024-06-24,33.74,Bank Transfer
PAY00972,INV01139,2024-06-20,28.97,Card
PAY00973,INV01140,2024-05-26,736.94,Bank Transfer
PAY00974,INV01141,2024-06-07,22.44,Bank Transfer
PAY00975,INV01141,2024-06-27,27.12,Card
PAY00976,INV01142,2024-05-21,156.45,Bank Transfer
PAY00977,INV01143,2024-06-30,935.84,Bank Transfer
PAY00978,INV01144,2024-06-05,72.45,Bank Transfer
PAY00979,INV01144,2024-06-07,66.53,Bank Transfer
PAY00980,INV01148,2024-06-29,219.02,Card
PAY00981,INV01149,2024-07-17,155.86,Bank Transfer
PAY00982,INV01150,2024-06-19,161.22,Bank Transfer
PAY00983,INV01152,2024-06-23,301.29,Bank Transfer
PAY00984,INV01153,2024-06-11,149.21,Card
PAY00985,INV01154,2024-06-11,224.2,Card
PAY00986,INV01156,2024-05-26,718.37,Card
PAY00987,INV01157,2024-06-29,387.59,Card
PAY00988,INV01159,2024-08-14,242.81,Bank Transfer
PAY00989,INV01161,2024-07-15,552.56,Bank Transfer
PAY00990,INV01162,2024-07-21,267.21,Bank Transfer
PAY00991,INV01163,2024-08-03,172.61,Card
PAY00992,INV01164,2024-06-20,177.18,Card
PAY00993,INV01165,2024-07-27,3411.4,Card
PAY00994,INV01166,2024-06-25,405.17,Card
PAY00995,INV01168,2024-07-04,181.0,Bank Transfer
PAY00996,INV01168,2024-08-01,131.69,Bank Transfer
PAY00997,INV01171,2024-08-18,1179.8,Bank Transfer
PAY00998,INV01171,2024-08-12,2473.64,Bank Transfer
PAY00999,INV01172,2024-07-10,214.84,Bank Transfer
PAY01000,INV01173,2024-06-26,166.43,Card
PAY01001,INV01174,2024-06-26,337.43,Bank Transfer
PAY01002,INV01175,2024-07-22,346.41,Card
PAY01003,INV01176,2024-06-27,208.2,Bank Transfer
PAY01004,INV01178,2024-07-08,443.9,Bank Transfer
PAY01005,INV01179,2024-08-03,1041.28,Card
PAY01006,INV01180,2024-07-01,200.52,Bank Transfer
PAY01007,INV01182,2024-07-05,247.8,Bank Transfer
PAY01008,INV01183,2024-08-09,263.17,Bank Transfer
PAY01009,INV01184,2024-07-11,161.18,Card
PAY01010,INV01185,2024-07-20,307.34,Card
PAY01011,INV01188,2024-07-02,760.06,Card
PAY01012,INV01189,2024-08-07,305.48,Bank Transfer
PAY01013,INV01191,2024-06-08,3069.25,Bank Transfer
PAY01014,INV01192,2024-07-27,1487.51,Card
PAY01015,INV01194,2024-07-09,172.95,Bank Transfer
PAY01016,INV01195,2024-08-04,258.8,Bank Transfer
PAY01017,INV01197,2024-07-27,1292.57,Card
PAY01018,INV01198,2024-08-10,61.95,Card
PAY01019,INV01198,2024-07-04,129.86,Card
PAY01020,INV01200,2024-07-11,461.0,Bank Transfer
PAY01021,INV01201,2024-07-11,305.34,Bank Transfer
PAY01022,INV01202,2024-06-22,198.61,Bank Transfer
PAY01023,INV01203,2024-07-05,136.52,Card
PAY01024,INV01205,2024-08-10,1384.2,Card
PAY01025,INV01205,2024-07-18,1137.18,Card
PAY01026,INV01206,2024-07-25,183.12,Card
PAY01027,INV01208,2024-08-23,180.59,Card
PAY01028,INV01209,2024-07-24,138.12,Bank Transfer
PAY01029,INV01210,2024-08-16,96.47,Bank Transfer
PAY01030,INV01210,2024-07-22,109.76,Bank Transfer
PAY01031,INV01211,2024-07-24,612.57,Bank Transfer
PAY01032,INV01212,2024-08-04,612.14,Bank Transfer
PAY01033,INV01212,2024-07-01,407.86,Card
PAY01034,INV01214,2024-06-25,1054.67,Card
PAY01035,INV01216,2024-08-18,149.78,Card
PAY01036,INV01217,2024-07-18,1768.1,Card
PAY01037,INV01218,2024-07-05,110.83,Bank Transfer
PAY01038,INV01219,2024-07-20,3813.93,Bank Transfer
PAY01039,INV01221,2024-06-24,927.1,Card
PAY01040,INV01223,2024-07-13,251.52,Card
PAY01041,INV01224,2024-07-16,424.88,Card
PAY01042,INV01225,2024-07-05,80.13,Card
PAY01043,INV01226,2024-07-01,273.86,Card
PAY01044,INV01227,2024-07-04,193.73,Bank Transfer
PAY01045,INV01228,2024-07-15,1183.24,Card
PAY01046,INV01230,2024-07-13,1168.48,Card
PAY01047,INV01232,2024-07-31,217.67,Bank Transfer
PAY01048,INV01233,2024-06-21,135.21,Bank Transfer
PAY01049,INV01234,2024-07-28,1735.54,Card
PAY01050,INV01235,2024-08-07,259.05,Bank Transfer
PAY01051,INV01236,2024-08-02,269.09,Bank Transfer
PAY01052,INV01237,2024-07-04,69.39,Card
PAY01053,INV01237,2024-07-08,35.5,Bank Transfer
PAY01054,INV01239,2024-07-11,307.82,Card
PAY01055,INV01240,2024-08-02,918.0,Bank Transfer
PAY01056,INV01241,2024-06-21,515.5,Card
PAY01057,INV01243,2024-07-05,125.2,Card
PAY01058,INV01244,2024-07-09,48.61,Card
PAY01059,INV01244,2024-07-12,62.31,Bank Transfer
PAY01060,INV01246,2024-07-31,40.28,Bank Transfer
PAY01061,INV01246,2024-06-11,83.15,Card
PAY01062,INV01247,2024-08-03,206.43,Bank Transfer
PAY01063,INV01248,2024-07-20,131.23,Card
PAY01064,INV01252,2024-07-19,545.76,Card
PAY01065,INV01253,2024-07-28,785.69,Bank Transfer
PAY01066,INV01254,2024-08-10,31.44,Bank Transfer
PAY01067,INV01254,2024-07-09,37.3,Bank Transfer
PAY01068,INV01256,2024-08-28,242.31,Card
PAY01069,INV01257,2024-08-02,268.28,Bank Transfer
PAY01070,INV01258,2024-08-12,203.06,Bank Transfer
PAY01071,INV01261,2024-08-30,815.78,Card
PAY01072,INV01262,2024-08-02,371.01,Bank Transfer
PAY01073,INV01263,2024-08-18,166.91,Card
PAY01074,INV01264,2024-07-27,348.17,Card
PAY01075,INV01266,2024-09-08,214.78,Card
PAY01076,INV01267,2024-08-17,55.02,Card
PAY01077,INV01267,2024-08-05,23.92,Card
PAY01078,INV01268,2024-08-27,654.26,Bank Transfer
PAY01079,INV01268,2024-07-28,635.28,Card
PAY01080,INV01269,2024-07-15,297.73,Bank Transfer
PAY01081,INV01270,2024-08-17,3206.38,Card
PAY01082,INV01271,2024-09-09,570.32,Card
PAY01083,INV01273,2024-08-16,71.48,Card
PAY01084,INV01274,2024-08-09,49.29,Card
PAY01085,INV01274,2024-09-14,50.17,Bank Transfer
PAY01086,INV01275,2024-07-30,265.23,Card
PAY01087,INV01276,2024-09-14,845.78,Bank Transfer
PAY01088,INV01277,2024-07-26,140.47,Bank Transfer
PAY01089,INV01278,2024-08-09,1294.66,Card
PAY01090,INV01279,2024-07-28,247.66,Bank Transfer
PAY01091,INV01280,2024-08-21,165.0,Bank Transfer
PAY01092,INV01281,2024-08-29,243.34,Card
PAY01093,INV01282,2024-08-08,165.77,Card
PAY01094,INV01283,2024-08-23,129.13,Bank Transfer
PAY01095,INV01284,2024-09-06,212.67,Card
PAY01096,INV01285,2024-07-12,1244.99,Bank Transfer
PAY01097,INV01286,2024-08-25,300.53,Card
PAY01098,INV01290,2024-08-25,2057.57,Bank Transfer
PAY01099,INV01291,2024-07-28,101.91,Bank Transfer
PAY01100,INV01292,2024-08-07,1729.48,Card
PAY01101,INV01293,2024-08-18,107.54,Bank Transfer
PAY01102,INV01294,2024-07-26,758.83,Card
PAY01103,INV01295,2024-08-28,142.65,Bank Transfer
PAY01104,INV01299,2024-08-07,2163.07,Card
PAY01105,INV01300,2024-08-01,211.66,Bank Transfer
PAY01106,INV01301,2024-07-23,166.76,Card
PAY01107,INV01303,2024-08-04,1259.24,Bank Transfer
PAY01108,INV01304,2024-07-18,4491.08,Bank Transfer
PAY01109,INV01305,2024-08-17,1242.2,Bank Transfer
PAY01110,INV01306,2024-09-03,3487.83,Card
PAY01111,INV01307,2024-09-02,730.35,Card
PAY01112,INV01308,2024-09-17,535.89,Bank Transfer
PAY01113,INV01309,2024-07-21,242.39,Card
PAY01114,INV01310,2024-08-26,100.55,Bank Transfer
PAY01115,INV01311,2024-07-25,65.85,Card
PAY01116,INV01311,2024-08-26,39.24,Card
PAY01117,INV01312,2024-09-16,159.15,Card
PAY01118,INV01314,2024-08-18,3650.65,Bank Transfer
PAY01119,INV01315,2024-09-06,1478.54,Bank Transfer
PAY01120,INV01316,2024-08-20,114.89,Card
PAY01121,INV01317,2024-08-11,193.47,Bank Transfer
PAY01122,INV01318,2024-08-25,94.12,Bank Transfer
PAY01123,INV01318,2024-07-30,60.59,Bank Transfer
PAY01124,INV01320,2024-08-06,906.68,Card
PAY01125,INV01321,2024-08-17,316.99,Bank Transfer
PAY01126,INV01322,2024-08-24,179.47,Card
PAY01127,INV01323,2024-09-01,192.22,Card
PAY01128,INV01324,2024-08-30,132.51,Bank Transfer
PAY01129,INV01325,2024-08-09,4599.87,Bank Transfer
PAY01130,INV01326,2024-08-29,244.94,Card
PAY01131,INV01327,2024-07-11,645.04,Bank Transfer
PAY01132,INV01329,2024-07-28,174.98,Bank Transfer
PAY01133,INV01331,2024-07-13,160.7,Bank Transfer
PAY01134,INV01332,2024-08-22,80.77,Card
PAY01135,INV01332,2024-09-18,50.0,Bank Transfer
PAY01136,INV01333,2024-08-22,131.94,Bank Transfer
PAY01137,INV01334,2024-09-08,2290.24,Card
PAY01138,INV01335,2024-07-19,170.13,Card
PAY01139,INV01337,2024-09-05,192.19,Card
PAY01140,INV01338,2024-07-30,212.55,Bank Transfer
PAY01141,INV01340,2024-09-08,124.62,Card
PAY01142,INV01342,2024-08-14,210.91,Card
PAY01143,INV01343,2024-08-07,191.39,Card
PAY01144,INV01344,2024-09-08,127.04,Card
PAY01145,INV01345,2024-08-21,693.05,Card
PAY01146,INV01346,2024-08-24,301.82,Bank Transfer
PAY01147,INV01347,2024-07-28,223.57,Card
PAY01148,INV01348,2024-07-28,166.12,Bank Transfer
PAY01149,INV01349,2024-08-19,184.8,Bank Transfer
PAY01150,INV01350,2024-07-28,1499.26,Bank Transfer
PAY01151,INV01351,2024-09-01,174.3,Bank Transfer
PAY01152,INV01352,2024-09-10,131.57,Card
PAY01153,INV01353,2024-08-04,3152.8,Bank Transfer
PAY01154,INV01354,2024-08-01,226.47,Bank Transfer
PAY01155,INV01355,2024-08-18,237.11,Bank Transfer
PAY01156,INV01356,2024-09-23,829.68,Card
PAY01157,INV01357,2024-08-08,27.57,Card
PAY01158,INV01357,2024-08-25,62.72,Card
PAY01159,INV01358,2024-08-13,292.75,Bank Transfer
PAY01160,INV01359,2024-07-25,49.55,Card
PAY01161,INV01359,2024-07-29,71.27,Card
PAY01162,INV01361,2024-09-04,142.9,Card
PAY01163,INV01363,2024-08-30,871.11,Bank Transfer
PAY01164,INV01364,2024-09-05,565.7,Card
PAY01165,INV01365,2024-08-16,735.72,Card
PAY01166,INV01366,2024-09-18,214.32,Card
PAY01167,INV01367,2024-10-01,951.86,Card
PAY01168,INV01368,2024-10-26,149.84,Bank Transfer
PAY01169,INV01369,2024-09-18,224.44,Bank Transfer
PAY01170,INV01370,2024-09-10,185.99,Card
PAY01171,INV01370,2024-09-03,236.55,Bank Transfer
PAY01172,INV01372,2024-10-14,134.92,Bank Transfer
PAY01173,INV01375,2024-09-27,153.27,Card
PAY01174,INV01376,2024-09-30,821.45,Bank Transfer
PAY01175,INV01376,2024-09-01,535.51,Bank Transfer
PAY01176,INV01377,2024-09-24,151.79,Card
PAY01177,INV01379,2024-09-12,276.22,Card
PAY01178,INV01381,2024-09-23,42.86,Card
PAY01179,INV01381,2024-09-23,28.7,Bank Transfer
PAY01180,INV01382,2024-08-21,344.71,Bank Transfer
PAY01181,INV01385,2024-09-13,95.05,Bank Transfer
PAY01182,INV01386,2024-10-10,225.2,Card
PAY01183,INV01388,2024-08-13,205.97,Card
PAY01184,INV01389,2024-09-11,209.83,Card
PAY01185,INV01390,2024-09-09,229.91,Card
PAY01186,INV01391,2024-08-27,470.08,Card
PAY01187,INV01394,2024-08-25,842.39,Bank Transfer
PAY01188,INV01395,2024-09-13,79.57,Bank Transfer
PAY01189,INV01395,2024-09-26,55.48,Card
PAY01190,INV01396,2024-10-07,354.15,Bank Transfer
PAY01191,INV01398,2024-09-09,470.12,Bank Transfer
PAY01192,INV01398,2024-09-20,393.46,Card
PAY01193,INV01401,2024-09-17,5488.87,Card
PAY01194,INV01402,2024-09-02,271.36,Card
PAY01195,INV01403,2024-10-03,169.53,Bank Transfer
PAY01196,INV01404,2024-09-21,198.39,Card
PAY01197,INV01405,2024-09-24,228.11,Card
PAY01198,INV01407,2024-09-27,148.74,Bank Transfer
PAY01199,INV01408,2024-09-06,239.12,Card
PAY01200,INV01409,2024-09-28,112.48,Card
PAY01201,INV01411,2024-10-12,221.85,Bank Transfer
PAY01202,INV01412,2024-09-27,1127.09,Card
PAY01203,INV01413,2024-10-05,143.56,Card
PAY01204,INV01414,2024-09-03,241.4,Bank Transfer
PAY01205,INV01415,2024-08-27,237.32,Card
PAY01206,INV01416,2024-08-27,137.86,Bank Transfer
PAY01207,INV01419,2024-08-23,280.94,Bank Transfer
PAY01208,INV01420,2024-08-26,213.3,Card
PAY01209,INV01421,2024-09-17,256.55,Bank Transfer
PAY01210,INV01423,2024-08-27,201.76,Bank Transfer
PAY01211,INV01424,2024-10-10,98.83,Card
PAY01212,INV01425,2024-10-06,129.51,Card
PAY01213,INV01427,2024-10-22,1406.89,Card
PAY01214,INV01428,2024-09-16,131.93,Bank Transfer
PAY01215,INV01429,2024-09-21,269.65,Card
PAY01216,INV01430,2024-09-01,147.45,Bank Transfer
PAY01217,INV01431,2024-09-12,541.67,Card
PAY01218,INV01432,2024-09-25,44.3,Card
PAY01219,INV01432,2024-08-20,37.55,Bank Transfer
PAY01220,INV01433,2024-09-15,173.82,Card
PAY01221,INV01434,2024-09-27,49.39,Bank Transfer
PAY01222,INV01434,2024-09-23,85.25,Bank Transfer
PAY01223,INV01435,2024-09-20,128.88,Card
PAY01224,INV01437,2024-09-05,202.09,Bank Transfer
PAY01225,INV01438,2024-08-30,58.58,Bank Transfer
PAY01226,INV01438,2024-10-03,34.79,Card
PAY01227,INV01439,2024-10-06,524.21,Bank Transfer
PAY01228,INV01441,2024-09-13,744.67,Bank Transfer
PAY01229,INV01442,2024-10-09,226.85,Card
PAY01230,INV01443,2024-09-21,185.47,Card
PAY01231,INV01444,2024-08-21,291.43,Bank Transfer
PAY01232,INV01445,2024-10-23,214.87,Bank Transfer
PAY01233,INV01446,2024-09-15,902.39,Card
PAY01234,INV01447,2024-10-14,1310.76,Bank Transfer
PAY01235,INV01448,2024-10-10,3499.88,Bank Transfer
PAY01236,INV01450,2024-10-26,290.92,Bank Transfer
PAY01237,INV01452,2024-11-15,429.62,Bank Transfer
PAY01238,INV01452,2024-10-02,320.79,Bank Transfer
PAY01239,INV01453,2024-09-30,4747.16,Card
PAY01240,INV01454,2024-11-01,185.48,Card
PAY01241,INV01455,2024-11-25,62.28,Bank Transfer
PAY01242,INV01455,2024-10-11,84.28,Card
PAY01243,INV01457,2024-10-25,974.24,Card
PAY01244,INV01458,2024-10-10,44.15,Card
PAY01245,INV01458,2024-11-11,79.11,Card
PAY01246,INV01459,2024-10-05,47.31,Bank Transfer
PAY01247,INV01459,2024-10-03,44.5,Bank Transfer
PAY01248,INV01461,2024-09-21,209.88,Bank Transfer
PAY01249,INV01462,2024-09-21,19.71,Card
PAY01250,INV01462,2024-09-20,32.26,Bank Transfer
PAY01251,INV01463,2024-10-07,224.12,Card
PAY01252,INV01464,2024-10-25,138.3,Card
PAY01253,INV01465,2024-09-30,205.45,Bank Transfer
PAY01254,INV01466,2024-10-07,133.73,Bank Transfer
PAY01255,INV01467,2024-10-03,295.78,Card
PAY01256,INV01468,2024-10-14,66.37,Card
PAY01257,INV01468,2024-10-24,43.45,Card
PAY01258,INV01469,2024-10-25,516.39,Card
PAY01259,INV01469,2024-10-21,672.6,Bank Transfer
PAY01260,INV01470,2024-09-24,205.23,Card
PAY01261,INV01471,2024-10-08,139.55,Card
PAY01262,INV01471,2024-09-20,63.13,Card
PAY01263,INV01472,2024-09-22,726.24,Bank Transfer
PAY01264,INV01473,2024-10-26,360.98,Bank Transfer
PAY01265,INV01474,2024-09-13,257.34,Bank Transfer
PAY01266,INV01476,2024-11-12,316.13,Card
PAY01267,INV01477,2024-10-10,3178.77,Card
PAY01268,INV01478,2024-10-09,201.83,Bank Transfer
PAY01269,INV01480,2024-11-15,204.49,Bank Transfer
PAY01270,INV01481,2024-10-22,319.3,Card
PAY01271,INV01481,2024-10-18,253.63,Bank Transfer
PAY01272,INV01482,2024-11-07,193.51,Card
PAY01273,INV01484,2024-11-02,212.26,Card
PAY01274,INV01485,2024-10-14,270.88,Card
PAY01275,INV01487,2024-10-23,248.93,Card
PAY01276,INV01488,2024-11-17,376.67,Card
PAY01277,INV01489,2024-10-04,189.55,Bank Transfer
PAY01278,INV01490,2024-11-08,53.83,Bank Transfer
PAY01279,INV01490,2024-10-20,53.53,Bank Transfer
PAY01280,INV01491,2024-10-17,1040.94,Bank Transfer
PAY01281,INV01493,2024-11-15,140.24,Bank Transfer
PAY01282,INV01494,2024-11-18,43.82,Bank Transfer
PAY01283,INV01494,2024-09-29,83.16,Bank Transfer
PAY01284,INV01495,2024-10-30,160.96,Card
PAY01285,INV01496,2024-09-18,354.84,Card
PAY01286,INV01497,2024-10-09,207.39,Card
PAY01287,INV01498,2024-09-13,871.85,Card
PAY01288,INV01499,2024-09-19,106.08,Bank Transfer
PAY01289,INV01500,2024-09-26,128.36,Card
PAY01290,INV01501,2024-09-30,269.25,Bank Transfer
PAY01291,INV01502,2024-10-03,150.89,Bank Transfer
PAY01292,INV01504,2024-10-30,184.25,Card
PAY01293,INV01505,2024-10-20,88.44,Card
PAY01294,INV01506,2024-10-22,1637.41,Card
PAY01295,INV01507,2024-11-10,138.1,Bank Transfer
PAY01296,INV01508,2024-09-21,226.15,Card
PAY01297,INV01509,2024-10-01,138.03,Card
PAY01298,INV01511,2024-09-17,224.44,Card
PAY01299,INV01512,2024-10-12,95.68,Bank Transfer
PAY01300,INV01513,2024-10-17,220.23,Bank Transfer
PAY01301,INV01517,2024-11-02,1951.15,Bank Transfer
PAY01302,INV01518,2024-10-10,87.35,Bank Transfer
PAY01303,INV01519,2024-11-01,3091.23,Bank Transfer
PAY01304,INV01520,2024-10-19,1040.12,Card
PAY01305,INV01521,2024-10-09,603.8,Bank Transfer
PAY01306,INV01522,2024-10-05,59.25,Bank Transfer
PAY01307,INV01522,2024-11-14,36.42,Card
PAY01308,INV01523,2024-10-21,320.05,Card
PAY01309,INV01525,2024-10-31,302.15,Bank Transfer
PAY01310,INV01526,2024-10-03,184.79,Bank Transfer
PAY01311,INV01526,2024-10-06,100.9,Bank Transfer
PAY01312,INV01527,2024-09-25,290.64,Bank Transfer
PAY01313,INV01528,2024-10-30,283.27,Bank Transfer
PAY01314,INV01528,2024-11-09,125.94,Card
PAY01315,INV01529,2024-09-26,152.71,Bank Transfer
PAY01316,INV01530,2024-10-19,36.32,Card
PAY01317,INV01530,2024-10-05,17.37,Bank Transfer
PAY01318,INV01531,2024-11-09,41.43,Bank Transfer
PAY01319,INV01531,2024-10-17,46.94,Card
PAY01320,INV01532,2024-10-02,3975.08,Card
PAY01321,INV01535,2024-11-18,879.68,Bank Transfer
PAY01322,INV01536,2024-09-21,33.36,Card
PAY01323,INV01536,2024-09-21,69.38,Card
PAY01324,INV01540,2024-11-20,365.85,Card
PAY01325,INV01541,2024-11-26,173.8,Bank Transfer
PAY01326,INV01545,2024-11-12,170.17,Bank Transfer
PAY01327,INV01546,2024-12-03,125.38,Card
PAY01328,INV01548,2024-11-15,161.17,Bank Transfer
PAY01329,INV01549,2024-12-22,85.31,Bank Transfer
PAY01330,INV01549,2024-12-02,141.75,Bank Transfer
PAY01331,INV01550,2024-12-09,7105.24,Bank Transfer
PAY01332,INV01552,2024-11-21,5114.64,Card
PAY01333,INV01553,2024-11-15,107.47,Bank Transfer
PAY01334,INV01556,2024-12-02,160.92,Bank Transfer
PAY01335,INV01557,2024-12-12,248.34,Card
PAY01336,INV01558,2024-12-16,706.91,Card
PAY01337,INV01559,2024-12-11,226.52,Card
PAY01338,INV01564,2024-10-17,116.8,Bank Transfer
PAY01339,INV01565,2024-11-07,135.06,Card
PAY01340,INV01566,2024-11-13,174.56,Bank Transfer
PAY01341,INV01570,2024-11-12,247.92,Card
PAY01342,INV01571,2024-11-27,90.88,Card
PAY01343,INV01572,2024-11-17,283.3,Bank Transfer
PAY01344,INV01573,2024-11-09,674.46,Bank Transfer
PAY01345,INV01574,2024-11-18,64.89,Bank Transfer
PAY01346,INV01574,2024-11-04,59.24,Card
PAY01347,INV01575,2024-11-08,146.16,Card
PAY01348,INV01578,2024-11-11,161.85,Card
PAY01349,INV01580,2024-11-04,141.33,Bank Transfer
PAY01350,INV01581,2024-11-21,763.91,Bank Transfer
PAY01351,INV01582,2024-11-04,229.72,Card
PAY01352,INV01583,2024-11-05,340.39,Bank Transfer
PAY01353,INV01584,2024-11-13,140.36,Bank Transfer
PAY01354,INV01586,2024-12-01,792.35,Bank Transfer
PAY01355,INV01587,2024-10-24,173.43,Card
PAY01356,INV01589,2024-11-08,232.68,Card
PAY01357,INV01589,2024-11-07,350.61,Bank Transfer
PAY01358,INV01591,2024-10-30,202.82,Card
PAY01359,INV01592,2024-11-18,69.25,Card
PAY01360,INV01593,2024-12-02,249.89,Bank Transfer
PAY01361,INV01594,2024-11-26,34.29,Bank Transfer
PAY01362,INV01594,2024-11-15,51.21,Card
PAY01363,INV01597,2024-12-18,205.78,Bank Transfer
PAY01364,INV01598,2024-10-26,198.83,Bank Transfer
PAY01365,INV01599,2024-10-24,174.67,Bank Transfer
PAY01366,INV01600,2024-10-11,137.63,Card
PAY01367,INV01600,2024-11-28,99.62,Card
PAY01368,INV01601,2024-12-02,161.79,Card
PAY01369,INV01603,2024-12-20,586.87,Card
PAY01370,INV01604,2024-12-02,151.68,Bank Transfer
PAY01371,INV01605,2024-11-03,1374.08,Bank Transfer
PAY01372,INV01606,2024-11-11,171.16,Bank Transfer
PAY01373,INV01607,2024-10-25,176.55,Card
PAY01374,INV01608,2024-12-03,89.34,Bank Transfer
PAY01375,INV01608,2024-11-09,42.71,Bank Transfer
PAY01376,INV01610,2024-10-27,160.51,Bank Transfer
PAY01377,INV01612,2024-11-16,125.97,Bank Transfer
PAY01378,INV01613,2024-10-29,2131.89,Card
PAY01379,INV01614,2024-11-23,138.01,Bank Transfer
PAY01380,INV01615,2024-11-26,2210.23,Card
PAY01381,INV01617,2024-12-07,913.84,Bank Transfer
PAY01382,INV01618,2024-12-03,3902.46,Bank Transfer
PAY01383,INV01619,2024-11-05,129.97,Card
PAY01384,INV01620,2024-11-16,267.5,Card
PAY01385,INV01621,2024-11-06,128.78,Bank Transfer
PAY01386,INV01621,2024-11-22,154.94,Card
PAY01387,INV01622,2024-11-13,200.23,Card
PAY01388,INV01623,2024-12-07,649.34,Card
PAY01389,INV01625,2024-10-26,117.87,Bank Transfer
PAY01390,INV01626,2024-10-21,231.73,Bank Transfer
PAY01391,INV01628,2024-12-09,153.41,Bank Transfer
PAY01392,INV01629,2024-11-22,218.15,Card
PAY01393,INV01630,2024-12-10,4446.73,Bank Transfer
PAY01394,INV01632,2025-01-05,172.38,Bank Transfer
PAY01395,INV01633,2024-11-18,391.65,Bank Transfer
PAY01396,INV01634,2024-11-23,288.62,Bank Transfer
PAY01397,INV01635,2024-11-16,1774.83,Card
PAY01398,INV01637,2024-12-31,257.12,Bank Transfer
PAY01399,INV01640,2024-12-04,174.33,Bank Transfer
PAY01400,INV01641,2024-12-21,90.35,Card
PAY01401,INV01641,2024-11-18,43.7,Bank Transfer
PAY01402,INV01642,2024-12-12,1095.44,Bank Transfer
PAY01403,INV01644,2024-12-07,140.66,Card
PAY01404,INV01645,2024-12-10,126.41,Card
PAY01405,INV01646,2024-12-20,119.01,Bank Transfer
PAY01406,INV01647,2024-12-06,121.7,Bank Transfer
PAY01407,INV01649,2024-12-02,233.68,Bank Transfer
PAY01408,INV01650,2024-12-18,58.31,Card
PAY01409,INV01650,2025-01-03,80.33,Card
PAY01410,INV01651,2024-12-22,300.33,Bank Transfer
PAY01411,INV01652,2025-01-09,24.27,Bank Transfer
PAY01412,INV01652,2024-12-05,56.34,Card
PAY01413,INV01653,2025-01-14,29.13,Card
PAY01414,INV01653,2024-12-02,22.28,Bank Transfer
PAY01415,INV01654,2024-11-27,3875.4,Card
PAY01416,INV01655,2024-12-14,43.14,Card
PAY01417,INV01655,2025-01-01,21.87,Card
PAY01418,INV01656,2024-11-23,50.23,Card
PAY01419,INV01656,2024-12-28,105.16,Bank Transfer
PAY01420,INV01657,2024-12-04,429.76,Bank Transfer
PAY01421,INV01658,2024-12-27,195.62,Bank Transfer
PAY01422,INV01659,2025-01-14,96.43,Bank Transfer
PAY01423,INV01659,2024-12-21,75.88,Bank Transfer
PAY01424,INV01660,2024-11-27,66.07,Card
PAY01425,INV01661,2024-11-20,273.45,Card
PAY01426,INV01661,2024-11-25,142.89,Bank Transfer
PAY01427,INV01663,2025-01-20,208.89,Bank Transfer
PAY01428,INV01664,2025-01-02,315.17,Card
PAY01429,INV01664,2025-01-05,251.66,Card
PAY01430,INV01666,2025-01-08,96.94,Card
PAY01431,INV01666,2024-12-17,55.25,Card
PAY01432,INV01667,2024-12-29,44.5,Bank Transfer
PAY01433,INV01667,2024-12-17,74.07,Card
PAY01434,INV01668,2024-12-15,145.27,Bank Transfer
PAY01435,INV01669,2025-01-08,124.89,Bank Transfer
PAY01436,INV01670,2025-01-06,510.07,Card
PAY01437,INV01671,2025-01-13,1097.92,Card
PAY01438,INV01672,2024-11-18,191.1,Card
PAY01439,INV01673,2024-12-11,944.55,Bank Transfer
PAY01440,INV01675,2024-11-28,869.25,Bank Transfer
PAY01441,INV01676,2024-11-24,265.23,Bank Transfer
PAY01442,INV01677,2024-11-24,152.39,Bank Transfer
PAY01443,INV01678,2024-12-01,163.13,Card
PAY01444,INV01680,2024-12-06,74.41,Bank Transfer
PAY01445,INV01680,2025-01-08,82.97,Card
PAY01446,INV01681,2025-01-11,141.9,Card
PAY01447,INV01683,2024-12-06,515.39,Card
PAY01448,INV01684,2024-11-28,188.53,Card
PAY01449,INV01685,2024-12-12,549.82,Card
PAY01450,INV01686,2024-12-02,186.43,Bank Transfer
PAY01451,INV01688,2024-12-30,314.12,Card
PAY01452,INV01689,2024-12-19,278.44,Bank Transfer
PAY01453,INV01690,2024-11-28,94.1,Card
PAY01454,INV01690,2024-12-12,54.85,Card
PAY01455,INV01692,2024-12-06,208.41,Bank Transfer
PAY01456,INV01693,2025-01-07,878.76,Bank Transfer
PAY01457,INV01697,2024-12-13,400.17,Bank Transfer
PAY01458,INV01697,2024-12-08,419.52,Bank Transfer
PAY01459,INV01698,2024-12-04,219.18,Card
PAY01460,INV01700,2024-12-25,265.84,Card
PAY01461,INV01702,2024-11-28,207.27,Card
PAY01462,INV01703,2024-12-18,103.06,Card
PAY01463,INV01706,2024-11-25,287.15,Bank Transfer
PAY01464,INV01706,2024-11-19,171.21,Bank Transfer
PAY01465,INV01708,2024-12-23,182.72,Card
PAY01466,INV01709,2024-11-27,45.8,Card
PAY01467,INV01709,2025-01-01,30.53,Bank Transfer
PAY01468,INV01710,2024-12-31,230.91,Card
PAY01469,INV01711,2025-01-30,311.07,Card
PAY01470,INV01712,2025-01-17,242.14,Card
PAY01471,INV01713,2025-01-26,501.03,Bank Transfer
PAY01472,INV01714,2025-01-15,885.19,Card
PAY01473,INV01715,2025-01-09,471.69,Card
PAY01474,INV01717,2025-01-30,250.44,Bank Transfer
PAY01475,INV01718,2025-01-31,984.12,Card
PAY01476,INV01719,2025-01-13,857.64,Card
PAY01477,INV01720,2024-12-16,80.98,Card
PAY01478,INV01720,2025-01-02,107.66,Bank Transfer
PAY01479,INV01721,2025-01-02,27.08,Bank Transfer
PAY01480,INV01721,2025-01-04,50.3,Card
PAY01481,INV01722,2025-01-01,191.94,Bank Transfer
PAY01482,INV01723,2025-01-24,140.73,Bank Transfer
PAY01483,INV01724,2025-01-21,208.12,Card
PAY01484,INV01725,2025-01-12,76.32,Card
PAY01485,INV01725,2024-12-14,50.3,Card
PAY01486,INV01726,2025-01-01,271.36,Card
PAY01487,INV01727,2024-12-26,2175.97,Card
PAY01488,INV01728,2025-02-04,1020.24,Bank Transfer
PAY01489,INV01730,2025-02-19,434.45,Card
PAY01490,INV01731,2025-01-14,37.9,Bank Transfer
PAY01491,INV01731,2025-01-19,83.33,Card
PAY01492,INV01732,2024-12-23,143.06,Card
PAY01493,INV01733,2025-01-12,90.59,Bank Transfer
PAY01494,INV01733,2025-01-01,80.02,Bank Transfer
PAY01495,INV01734,2025-01-11,85.13,Bank Transfer
PAY01496,INV01736,2025-02-03,148.04,Bank Transfer
PAY01497,INV01738,2024-12-18,113.11,Card
PAY01498,INV01739,2025-01-28,525.79,Bank Transfer
PAY01499,INV01742,2025-01-31,351.35,Bank Transfer
PAY01500,INV01743,2024-12-26,939.26,Card
PAY01501,INV01743,2025-01-07,410.04,Card
PAY01502,INV01744,2025-01-19,1227.82,Card
PAY01503,INV01745,2025-02-16,135.72,Card
PAY01504,INV01747,2024-12-29,1149.24,Card
PAY01505,INV01748,2024-12-15,229.51,Card
PAY01506,INV01749,2025-01-10,168.28,Card
PAY01507,INV01750,2025-01-05,211.04,Card
PAY01508,INV01751,2024-12-10,233.04,Bank Transfer
PAY01509,INV01752,2025-02-05,285.82,Card
PAY01510,INV01753,2025-01-09,1158.18,Bank Transfer
PAY01511,INV01754,2025-01-29,3671.83,Bank Transfer
PAY01512,INV01755,2024-12-25,350.03,Bank Transfer
PAY01513,INV01756,2024-12-24,365.5,Card
PAY01514,INV01757,2025-01-06,460.97,Bank Transfer
PAY01515,INV01758,2025-02-12,401.61,Card
PAY01516,INV01759,2025-01-19,935.59,Bank Transfer
PAY01517,INV01760,2025-02-03,249.46,Card
PAY01518,INV01761,2024-12-17,123.78,Bank Transfer
PAY01519,INV01763,2025-01-29,257.26,Card
PAY01520,INV01764,2025-01-12,136.07,Bank Transfer
PAY01521,INV01767,2025-01-05,65.58,Bank Transfer
PAY01522,INV01767,2024-12-28,59.52,Bank Transfer
PAY01523,INV01768,2025-01-02,447.81,Card
PAY01524,INV01769,2025-01-29,227.39,Bank Transfer
PAY01525,INV01770,2025-01-02,217.47,Bank Transfer
PAY01526,INV01771,2025-02-16,697.22,Bank Transfer
PAY01527,INV01772,2025-01-12,175.96,Bank Transfer
PAY01528,INV01773,2025-01-22,233.68,Card
PAY01529,INV01775,2025-01-15,90.02,Bank Transfer
PAY01530,INV01776,2025-01-22,612.15,Bank Transfer
PAY01531,INV01777,2025-02-03,147.98,Card
PAY01532,INV01778,2025-01-30,175.85,Card
PAY01533,INV01780,2025-01-31,283.91,Card
PAY01534,INV01781,2025-01-27,211.8,Bank Transfer
PAY01535,INV01782,2025-01-08,200.38,Card
PAY01536,INV01782,2025-02-07,370.7,Bank Transfer
PAY01537,INV01784,2025-01-28,331.36,Bank Transfer
PAY01538,INV01785,2025-01-14,150.5,Card
PAY01539,INV01786,2025-02-09,139.19,Bank Transfer
PAY01540,INV01788,2025-01-20,226.88,Card
PAY01541,INV01789,2024-12-21,50.21,Card
PAY01542,INV01789,2025-01-17,87.95,Bank Transfer
PAY01543,INV01790,2025-02-17,327.39,Card
PAY01544,INV01791,2024-12-14,202.12,Bank Transfer
PAY01545,INV01793,2025-01-04,198.87,Bank Transfer
PAY01546,INV01795,2025-01-13,228.28,Card
PAY01547,INV01796,2025-01-08,363.64,Card
PAY01548,INV01797,2025-02-12,147.24,Card
PAY01549,INV01798,2025-01-02,268.14,Card
PAY01550,INV01799,2024-12-22,110.63,Bank Transfer
PAY01551,INV01800,2025-02-02,234.81,Card
PAY01552,INV01801,2025-01-11,752.53,Card
PAY01553,INV01802,2025-01-29,336.69,Card
PAY01554,INV01803,2024-12-14,143.35,Card
PAY01555,INV01804,2024-12-13,339.99,Card
PAY01556,INV01805,2025-02-09,194.6,Bank Transfer
PAY01557,INV01806,2025-02-10,1279.89,Card
PAY01558,INV01807,2025-01-24,373.77,Bank Transfer
PAY01559,INV01808,2025-02-17,1167.17,Bank Transfer
PAY01560,INV01809,2025-01-01,2525.34,Bank Transfer
PAY01561,INV01810,2025-02-10,177.34,Card
PAY01562,INV01811,2024-12-28,146.15,Card
PAY01563,INV01812,2025-01-24,122.02,Card
PAY01564,INV01813,2025-02-07,225.82,Card
PAY01565,INV01815,2025-02-24,57.53,Bank Transfer
PAY01566,INV01815,2025-02-17,86.15,Card
PAY01567,INV01816,2025-02-28,263.24,Bank Transfer
PAY01568,INV01817,2025-03-08,111.37,Bank Transfer
PAY01569,INV01819,2025-02-06,37.28,Bank Transfer
PAY01570,INV01819,2025-02-21,33.13,Bank Transfer
PAY01571,INV01820,2025-02-17,209.54,Card
PAY01572,INV01821,2025-02-10,226.78,Bank Transfer
PAY01573,INV01821,2025-02-10,234.9,Bank Transfer
PAY01574,INV01825,2025-01-30,158.34,Bank Transfer
PAY01575,INV01826,2025-01-27,148.73,Card
PAY01576,INV01827,2025-03-05,158.96,Bank Transfer
PAY01577,INV01829,2025-03-27,302.38,Card
PAY01578,INV01830,2025-03-03,213.89,Bank Transfer
PAY01579,INV01832,2025-02-12,299.39,Card
PAY01580,INV01833,2025-03-10,282.46,Card
PAY01581,INV01834,2025-02-17,1083.34,Card
PAY01582,INV01836,2025-01-10,252.97,Bank Transfer
PAY01583,INV01837,2025-01-13,99.04,Card
PAY01584,INV01838,2025-02-20,1043.16,Card
PAY01585,INV01839,2025-01-31,4116.71,Bank Transfer
PAY01586,INV01840,2025-02-20,144.97,Bank Transfer
PAY01587,INV01841,2025-02-20,290.69,Bank Transfer
PAY01588,INV01842,2025-01-27,302.89,Bank Transfer
PAY01589,INV01844,2025-02-25,192.34,Card
PAY01590,INV01845,2025-02-06,245.86,Bank Transfer
PAY01591,INV01846,2025-02-22,184.66,Card
PAY01592,INV01847,2025-02-04,830.83,Bank Transfer
PAY01593,INV01848,2025-03-05,1340.88,Card
PAY01594,INV01849,2025-02-12,191.96,Card
PAY01595,INV01850,2025-01-11,321.42,Bank Transfer
PAY01596,INV01851,2025-02-06,127.35,Card
PAY01597,INV01852,2025-02-08,517.36,Bank Transfer
PAY01598,INV01855,2025-02-09,199.41,Card
PAY01599,INV01856,2025-02-19,1435.09,Card
PAY01600,INV01857,2025-03-01,335.72,Card
PAY01601,INV01859,2025-02-02,5265.16,Card
PAY01602,INV01860,2025-02-04,4773.24,Bank Transfer
PAY01603,INV01862,2025-01-11,3029.04,Bank Transfer
PAY01604,INV01864,2025-02-28,168.93,Bank Transfer
PAY01605,INV01865,2025-02-02,271.9,Bank Transfer
PAY01606,INV01866,2025-03-13,48.02,Bank Transfer
PAY01607,INV01866,2025-02-27,38.42,Bank Transfer
PAY01608,INV01868,2025-02-20,145.1,Card
PAY01609,INV01872,2025-01-20,448.79,Card
PAY01610,INV01873,2025-02-01,133.9,Bank Transfer
PAY01611,INV01874,2025-02-03,123.43,Card
PAY01612,INV01875,2025-03-07,120.8,Bank Transfer
PAY01613,INV01876,2025-03-11,244.21,Bank Transfer
PAY01614,INV01878,2025-02-08,564.11,Bank Transfer
PAY01615,INV01879,2025-01-19,369.0,Card
PAY01616,INV01880,2025-03-01,1142.11,Bank Transfer
PAY01617,INV01881,2025-02-02,125.88,Card
PAY01618,INV01882,2025-03-03,567.08,Card
PAY01619,INV01883,2025-03-21,340.89,Card
PAY01620,INV01884,2025-03-21,359.57,Card
PAY01621,INV01885,2025-03-16,258.54,Bank Transfer
PAY01622,INV01885,2025-03-10,542.17,Card
PAY01623,INV01886,2025-01-22,127.32,Bank Transfer
PAY01624,INV01887,2025-02-20,97.72,Bank Transfer
PAY01625,INV01888,2025-01-12,1229.73,Bank Transfer
PAY01626,INV01889,2025-02-22,233.14,Bank Transfer
PAY01627,INV01890,2025-02-12,2663.37,Bank Transfer
PAY01628,INV01891,2025-03-08,209.85,Card
PAY01629,INV01892,2025-02-18,42.07,Bank Transfer
PAY01630,INV01892,2025-02-22,67.78,Bank Transfer
PAY01631,INV01893,2025-01-15,297.64,Card
PAY01632,INV01895,2025-01-14,58.2,Bank Transfer
PAY01633,INV01896,2025-03-09,128.1,Card
PAY01634,INV01897,2025-03-06,284.69,Card
PAY01635,INV01902,2025-04-11,589.25,Card
PAY01636,INV01903,2025-04-05,351.28,Bank Transfer
PAY01637,INV01904,2025-03-27,462.88,Card
PAY01638,INV01906,2025-02-24,137.53,Card
PAY01639,INV01908,2025-03-11,144.27,Bank Transfer
PAY01640,INV01910,2025-03-16,84.51,Bank Transfer
PAY01641,INV01910,2025-02-28,78.29,Bank Transfer
PAY01642,INV01912,2025-03-31,156.93,Card
PAY01643,INV01913,2025-02-26,111.57,Bank Transfer
PAY01644,INV01914,2025-02-16,179.79,Card
PAY01645,INV01915,2025-03-05,186.33,Card
PAY01646,INV01916,2025-04-02,106.43,Card
PAY01647,INV01916,2025-04-16,51.12,Bank Transfer
PAY01648,INV01918,2025-04-05,362.51,Bank Transfer
PAY01649,INV01919,2025-03-21,1007.44,Bank Transfer
PAY01650,INV01920,2025-02-07,3189.61,Card
PAY01651,INV01921,2025-02-23,438.44,Bank Transfer
PAY01652,INV01922,2025-04-11,136.39,Bank Transfer
PAY01653,INV01923,2025-04-05,31.4,Bank Transfer
PAY01654,INV01923,2025-04-10,71.78,Card
PAY01655,INV01924,2025-03-08,1569.98,Card
PAY01656,INV01925,2025-03-23,421.45,Bank Transfer
PAY01657,INV01926,2025-03-18,611.21,Bank Transfer
PAY01658,INV01927,2025-04-02,344.72,Card
PAY01659,INV01928,2025-02-20,108.27,Card
PAY01660,INV01928,2025-02-28,57.89,Bank Transfer
PAY01661,INV01929,2025-04-13,535.32,Card
PAY01662,INV01930,2025-04-14,216.05,Card
PAY01663,INV01931,2025-03-06,144.42,Bank Transfer
PAY01664,INV01933,2025-04-18,186.8,Bank Transfer
PAY01665,INV01936,2025-03-08,1199.87,Bank Transfer
PAY01666,INV01937,2025-03-13,541.59,Bank Transfer
PAY01667,INV01939,2025-04-02,127.78,Bank Transfer
PAY01668,INV01940,2025-03-05,24.4,Bank Transfer
PAY01669,INV01940,2025-03-31,15.99,Card
PAY01670,INV01941,2025-03-16,251.28,Bank Transfer
PAY01671,INV01943,2025-02-22,175.62,Bank Transfer
PAY01672,INV01944,2025-04-05,225.68,Card
PAY01673,INV01945,2025-03-28,70.1,Card
PAY01674,INV01945,2025-04-01,105.96,Bank Transfer
PAY01675,INV01946,2025-04-15,175.78,Bank Transfer
PAY01676,INV01947,2025-03-01,209.42,Card
PAY01677,INV01948,2025-03-23,230.97,Bank Transfer
PAY01678,INV01950,2025-03-20,315.93,Card
PAY01679,INV01951,2025-04-14,120.91,Bank Transfer
PAY01680,INV01952,2025-03-19,139.91,Bank Transfer
PAY01681,INV01953,2025-02-19,47.68,Bank Transfer
PAY01682,INV01953,2025-03-15,49.61,Card
PAY01683,INV01954,2025-04-02,4402.75,Card
PAY01684,INV01955,2025-03-31,189.52,Card
PAY01685,INV01957,2025-03-26,220.73,Bank Transfer
PAY01686,INV01958,2025-03-12,89.08,Card
PAY01687,INV01958,2025-03-08,66.08,Card
PAY01688,INV01959,2025-03-23,130.25,Card
PAY01689,INV01960,2025-03-16,24.18,Bank Transfer
PAY01690,INV01960,2025-02-19,34.21,Bank Transfer
PAY01691,INV01961,2025-03-24,137.29,Card
PAY01692,INV01962,2025-04-14,457.15,Card
PAY01693,INV01964,2025-03-10,304.09,Card
PAY01694,INV01966,2025-04-03,201.84,Card
PAY01695,INV01967,2025-04-12,22.34,Bank Transfer
PAY01696,INV01967,2025-03-05,49.52,Card
PAY01697,INV01968,2025-03-29,165.79,Bank Transfer
PAY01698,INV01969,2025-03-12,341.26,Card
PAY01699,INV01970,2025-03-08,321.51,Bank Transfer
PAY01700,INV01971,2025-03-25,200.78,Bank Transfer
PAY01701,INV01971,2025-03-06,414.33,Bank Transfer
PAY01702,INV01972,2025-03-22,57.01,Bank Transfer
PAY01703,INV01972,2025-03-11,38.9,Bank Transfer
PAY01704,INV01973,2025-04-06,192.98,Bank Transfer
PAY01705,INV01974,2025-03-04,1668.61,Card
PAY01706,INV01975,2025-04-14,629.22,Bank Transfer
PAY01707,INV01976,2025-04-01,816.35,Card
PAY01708,INV01977,2025-03-30,45.6,Card
PAY01709,INV01977,2025-02-26,55.09,Card
PAY01710,INV01978,2025-02-20,169.6,Card
PAY01711,INV01979,2025-04-11,270.05,Card
PAY01712,INV01980,2025-04-07,102.21,Card
PAY01713,INV01981,2025-03-25,797.54,Card
PAY01714,INV01982,2025-03-08,165.03,Card
PAY01715,INV01983,2025-03-20,113.09,Bank Transfer
PAY01716,INV01983,2025-03-15,49.95,Card
PAY01717,INV01984,2025-03-20,200.34,Card
PAY01718,INV01985,2025-04-06,116.19,Bank Transfer
PAY01719,INV01986,2025-03-07,225.82,Card
PAY01720,INV01987,2025-03-09,364.4,Card
PAY01721,INV01988,2025-04-04,91.49,Bank Transfer
PAY01722,INV01988,2025-04-18,107.3,Card
PAY01723,INV01990,2025-05-03,803.43,Card
PAY01724,INV01992,2025-04-13,261.11,Bank Transfer
PAY01725,INV01993,2025-04-30,238.0,Bank Transfer
PAY01726,INV01994,2025-03-27,497.16,Bank Transfer
PAY01727,INV01995,2025-05-17,189.46,Bank Transfer
PAY01728,INV01996,2025-04-22,296.26,Bank Transfer
PAY01729,INV01998,2025-04-05,320.79,Card
PAY01730,INV01999,2025-04-03,4041.45,Bank Transfer
PAY01731,INV02000,2025-04-12,4722.08,Card
PAY01732,INV02001,2025-04-06,1032.81,Card
PAY01733,INV02004,2025-05-10,185.03,Bank Transfer
PAY01734,INV02005,2025-04-16,259.77,Card
PAY01735,INV02006,2025-04-04,99.32,Card
PAY01736,INV02007,2025-05-09,166.13,Card
PAY01737,INV02008,2025-04-29,240.68,Card
PAY01738,INV02009,2025-04-12,215.35,Bank Transfer
PAY01739,INV02010,2025-05-07,170.8,Bank Transfer
PAY01740,INV02011,2025-05-02,146.46,Card
PAY01741,INV02012,2025-04-29,72.48,Bank Transfer
PAY01742,INV02012,2025-04-05,87.78,Card
PAY01743,INV02013,2025-04-26,159.41,Card
PAY01744,INV02014,2025-04-30,262.89,Bank Transfer
PAY01745,INV02015,2025-04-03,832.63,Bank Transfer
PAY01746,INV02016,2025-04-02,121.31,Bank Transfer
PAY01747,INV02018,2025-05-09,124.79,Bank Transfer
PAY01748,INV02019,2025-03-17,203.77,Card
PAY01749,INV02020,2025-05-05,256.42,Bank Transfer
PAY01750,INV02022,2025-04-16,217.5,Card
PAY01751,INV02023,2025-05-16,182.92,Bank Transfer
PAY01752,INV02024,2025-04-04,2596.33,Bank Transfer
PAY01753,INV02026,2025-04-09,167.55,Bank Transfer
PAY01754,INV02027,2025-03-30,2800.08,Card
PAY01755,INV02028,2025-03-20,168.51,Bank Transfer
PAY01756,INV02029,2025-04-18,254.33,Card
PAY01757,INV02032,2025-04-02,700.58,Bank Transfer
PAY01758,INV02035,2025-04-23,85.92,Bank Transfer
PAY01759,INV02036,2025-03-31,1533.52,Card
PAY01760,INV02038,2025-05-24,138.37,Bank Transfer
PAY01761,INV02039,2025-05-03,168.41,Card
PAY01762,INV02040,2025-04-16,1034.0,Card
PAY01763,INV02042,2025-04-15,851.1,Card
PAY01764,INV02045,2025-03-24,804.17,Bank Transfer
PAY01765,INV02047,2025-04-07,263.92,Card
PAY01766,INV02048,2025-04-17,5026.25,Card
PAY01767,INV02049,2025-04-20,204.55,Card
PAY01768,INV02050,2025-04-10,37.11,Bank Transfer
PAY01769,INV02050,2025-05-07,62.49,Bank Transfer
PAY01770,INV02051,2025-03-22,547.9,Card
PAY01771,INV02052,2025-03-24,239.61,Card
PAY01772,INV02053,2025-04-29,4868.32,Card
PAY01773,INV02054,2025-04-25,277.51,Card
PAY01774,INV02056,2025-03-22,78.64,Card
PAY01775,INV02056,2025-03-18,89.2,Card
PAY01776,INV02057,2025-05-01,104.84,Card
PAY01777,INV02057,2025-04-08,105.99,Bank Transfer
PAY01778,INV02059,2025-04-20,193.75,Bank Transfer
PAY01779,INV02060,2025-03-29,131.82,Bank Transfer
PAY01780,INV02061,2025-05-14,681.81,Card
PAY01781,INV02061,2025-03-31,1501.82,Bank Transfer
PAY01782,INV02062,2025-04-24,164.16,Card
PAY01783,INV02063,2025-04-20,155.77,Bank Transfer
PAY01784,INV02064,2025-03-25,178.26,Card
PAY01785,INV02065,2025-03-27,600.61,Card
PAY01786,INV02066,2025-05-18,161.89,Bank Transfer
PAY01787,INV02067,2025-05-16,151.29,Card
PAY01788,INV02069,2025-03-28,291.05,Card
PAY01789,INV02069,2025-05-01,196.57,Bank Transfer
PAY01790,INV02070,2025-04-19,161.3,Card
PAY01791,INV02072,2025-04-17,224.35,Card
PAY01792,INV02075,2025-05-26,183.17,Card
PAY01793,INV02076,2025-05-25,172.57,Bank Transfer
PAY01794,INV02077,2025-04-30,4890.34,Card
PAY01795,INV02078,2025-05-16,401.76,Card
PAY01796,INV02081,2025-04-28,57.47,Bank Transfer
PAY01797,INV02082,2025-05-24,3100.96,Card
PAY01798,INV02083,2025-05-03,179.88,Card
PAY01799,INV02085,2025-05-31,163.74,Bank Transfer
PAY01800,INV02086,2025-06-17,893.75,Bank Transfer
PAY01801,INV02087,2025-04-30,225.51,Card
PAY01802,INV02088,2025-04-26,300.06,Card
PAY01803,INV02089,2025-04-25,185.67,Card
PAY01804,INV02090,2025-05-27,2314.74,Card
PAY01805,INV02091,2025-05-23,2049.52,Bank Transfer
PAY01806,INV02093,2025-04-08,3934.74,Bank Transfer
PAY01807,INV02094,2025-05-27,334.35,Card
PAY01808,INV02095,2025-04-28,430.97,Card
PAY01809,INV02096,2025-06-23,323.6,Bank Transfer
PAY01810,INV02097,2025-05-04,231.49,Card
PAY01811,INV02098,2025-05-30,517.15,Bank Transfer
PAY01812,INV02099,2025-06-18,347.83,Bank Transfer
PAY01813,INV02100,2025-05-07,249.41,Bank Transfer
PAY01814,INV02103,2025-05-28,139.76,Bank Transfer
PAY01815,INV02104,2025-06-16,223.44,Card
PAY01816,INV02105,2025-05-29,206.7,Card
PAY01817,INV02107,2025-06-25,969.82,Card
PAY01818,INV02108,2025-05-25,168.48,Bank Transfer
PAY01819,INV02108,2025-05-13,173.28,Card
PAY01820,INV02109,2025-05-28,150.27,Card
PAY01821,INV02110,2025-04-28,177.91,Bank Transfer
PAY01822,INV02112,2025-05-20,133.75,Card
PAY01823,INV02115,2025-04-27,182.02,Bank Transfer
PAY01824,INV02116,2025-05-03,212.59,Bank Transfer
PAY01825,INV02117,2025-06-06,1217.97,Bank Transfer
PAY01826,INV02119,2025-05-26,144.26,Card
PAY01827,INV02120,2025-06-07,1003.48,Bank Transfer
PAY01828,INV02121,2025-05-06,132.07,Bank Transfer
PAY01829,INV02122,2025-05-16,115.37,Bank Transfer
PAY01830,INV02123,2025-05-18,217.64,Card
PAY01831,INV02124,2025-05-01,1077.73,Bank Transfer
PAY01832,INV02125,2025-04-30,202.04,Card
PAY01833,INV02126,2025-05-07,467.44,Bank Transfer
PAY01834,INV02128,2025-06-11,101.99,Card
PAY01835,INV02129,2025-05-18,160.9,Card
PAY01836,INV02130,2025-05-20,413.55,Card
PAY01837,INV02131,2025-04-23,2053.95,Card
PAY01838,INV02132,2025-06-23,243.07,Bank Transfer
PAY01839,INV02133,2025-05-01,45.7,Bank Transfer
PAY01840,INV02133,2025-05-11,95.19,Card
PAY01841,INV02134,2025-04-24,173.09,Card
PAY01842,INV02135,2025-05-31,203.83,Card
PAY01843,INV02136,2025-05-02,742.9,Card
PAY01844,INV02139,2025-05-17,123.32,Card
PAY01845,INV02140,2025-05-14,178.99,Card
PAY01846,INV02141,2025-05-16,200.35,Bank Transfer
PAY01847,INV02143,2025-05-21,65.76,Bank Transfer
PAY01848,INV02143,2025-05-07,98.87,Card
PAY01849,INV02144,2025-05-15,579.12,Bank Transfer
PAY01850,INV02147,2025-04-30,255.28,Bank Transfer
PAY01851,INV02148,2025-05-12,506.42,Card
PAY01852,INV02149,2025-04-15,224.38,Bank Transfer
PAY01853,INV02151,2025-05-10,317.38,Bank Transfer
PAY01854,INV02152,2025-05-18,225.45,Card
PAY01855,INV02153,2025-05-11,226.77,Card
PAY01856,INV02154,2025-06-05,183.18,Card
PAY01857,INV02155,2025-06-13,251.14,Card
PAY01858,INV02157,2025-06-02,59.18,Card
PAY01859,INV02157,2025-05-18,86.32,Card
PAY01860,INV02158,2025-06-03,206.98,Card
PAY01861,INV02159,2025-05-18,312.4,Card
PAY01862,INV02161,2025-06-21,145.69,Bank Transfer
PAY01863,INV02163,2025-05-16,148.76,Card
PAY01864,INV02165,2025-06-02,94.49,Bank Transfer
PAY01865,INV02167,2025-05-12,246.61,Bank Transfer
PAY01866,INV02168,2025-06-28,2435.71,Bank Transfer
PAY01867,INV02169,2025-06-19,198.78,Card
PAY01868,INV02170,2025-06-20,341.39,Card
PAY01869,INV02171,2025-06-29,1266.93,Card
PAY01870,INV02172,2025-06-05,46.7,Card
PAY01871,INV02172,2025-06-20,42.09,Card
PAY01872,INV02173,2025-05-26,90.73,Bank Transfer
PAY01873,INV02174,2025-06-02,193.99,Card
PAY01874,INV02175,2025-06-10,78.39,Card
PAY01875,INV02175,2025-06-21,49.19,Card
PAY01876,INV02176,2025-06-13,47.67,Bank Transfer
PAY01877,INV02176,2025-06-28,35.35,Card
PAY01878,INV02177,2025-06-13,150.29,Card
PAY01879,INV02178,2025-07-12,224.38,Card
PAY01880,INV02179,2025-05-26,179.84,Bank Transfer
PAY01881,INV02180,2025-06-26,237.12,Card
PAY01882,INV02181,2025-06-03,283.66,Card
PAY01883,INV02182,2025-07-13,161.2,Card
PAY01884,INV02184,2025-06-28,107.26,Card
PAY01885,INV02185,2025-06-29,1445.8,Bank Transfer
PAY01886,INV02186,2025-06-27,123.09,Card
PAY01887,INV02188,2025-06-23,272.5,Bank Transfer
PAY01888,INV02188,2025-06-30,297.65,Card
PAY01889,INV02190,2025-06-18,353.53,Bank Transfer
PAY01890,INV02191,2025-06-11,154.05,Bank Transfer
PAY01891,INV02192,2025-07-19,493.24,Bank Transfer
PAY01892,INV02194,2025-07-06,337.03,Card
PAY01893,INV02197,2025-07-20,269.92,Card
PAY01894,INV02198,2025-06-05,514.86,Card
PAY01895,INV02200,2025-06-07,202.73,Bank Transfer
PAY01896,INV02201,2025-07-07,105.16,Bank Transfer
PAY01897,INV02204,2025-06-01,47.26,Card
PAY01898,INV02204,2025-07-18,62.45,Card
PAY01899,INV02205,2025-07-05,1024.56,Bank Transfer
PAY01900,INV02206,2025-07-11,87.33,Bank Transfer
PAY01901,INV02207,2025-05-30,64.82,Card
PAY01902,INV02207,2025-07-08,67.83,Bank Transfer
PAY01903,INV02208,2025-07-09,1045.47,Bank Transfer
PAY01904,INV02209,2025-07-02,743.18,Card
PAY01905,INV02211,2025-07-08,185.0,Bank Transfer
PAY01906,INV02212,2025-06-27,877.53,Bank Transfer
PAY01907,INV02213,2025-06-26,3992.12,Card
PAY01908,INV02214,2025-06-07,139.12,Bank Transfer
PAY01909,INV02218,2025-07-10,152.35,Bank Transfer
PAY01910,INV02219,2025-07-04,562.67,Bank Transfer
PAY01911,INV02222,2025-05-22,162.32,Bank Transfer
PAY01912,INV02223,2025-07-06,1127.43,Card
PAY01913,INV02224,2025-05-24,207.35,Bank Transfer
PAY01914,INV02225,2025-05-31,252.68,Card
PAY01915,INV02226,2025-06-18,45.43,Bank Transfer
PAY01916,INV02226,2025-06-22,26.72,Bank Transfer
PAY01917,INV02227,2025-06-29,862.25,Card
PAY01918,INV02228,2025-07-01,66.63,Bank Transfer
PAY01919,INV02228,2025-06-17,59.42,Card
PAY01920,INV02229,2025-07-12,287.28,Card
PAY01921,INV02230,2025-05-22,156.44,Card
PAY01922,INV02231,2025-07-06,294.31,Bank Transfer
PAY01923,INV02232,2025-06-23,725.64,Card
PAY01924,INV02233,2025-07-06,3207.35,Card
PAY01925,INV02234,2025-05-29,316.78,Card
PAY01926,INV02236,2025-05-18,436.69,Bank Transfer
PAY01927,INV02237,2025-06-14,178.82,Bank Transfer
PAY01928,INV02238,2025-06-29,674.41,Bank Transfer
PAY01929,INV02239,2025-05-18,211.62,Bank Transfer
PAY01930,INV02240,2025-07-06,22.43,Bank Transfer
PAY01931,INV02240,2025-06-09,43.58,Bank Transfer
PAY01932,INV02241,2025-05-26,148.79,Card
PAY01933,INV02242,2025-07-04,351.38,Bank Transfer
PAY01934,INV02243,2025-07-06,401.82,Bank Transfer
PAY01935,INV02244,2025-06-15,216.54,Card
PAY01936,INV02245,2025-05-18,272.88,Bank Transfer
PAY01937,INV02246,2025-06-27,171.74,Bank Transfer
PAY01938,INV02248,2025-06-07,111.09,Card
PAY01939,INV02249,2025-05-25,79.95,Card
PAY01940,INV02249,2025-06-04,160.0,Card
PAY01941,INV02250,2025-06-17,24.48,Bank Transfer
PAY01942,INV02250,2025-06-21,34.34,Card
PAY01943,INV02251,2025-07-04,274.61,Card
PAY01944,INV02253,2025-08-04,126.28,Bank Transfer
PAY01945,INV02253,2025-07-29,63.53,Card
PAY01946,INV02255,2025-07-20,237.13,Card
PAY01947,INV02257,2025-07-28,156.99,Card
PAY01948,INV02258,2025-07-02,236.26,Card
PAY01949,INV02259,2025-08-06,108.15,Card
PAY01950,INV02260,2025-07-18,144.41,Bank Transfer
PAY01951,INV02260,2025-06-16,115.87,Card
PAY01952,INV02261,2025-06-20,257.67,Bank Transfer
PAY01953,INV02262,2025-07-20,195.45,Card
PAY01954,INV02263,2025-07-12,2042.81,Card
PAY01955,INV02264,2025-06-20,142.21,Bank Transfer
PAY01956,INV02265,2025-07-03,38.58,Bank Transfer
PAY01957,INV02265,2025-07-20,53.92,Bank Transfer
PAY01958,INV02266,2025-08-03,173.64,Card
PAY01959,INV02267,2025-06-29,175.81,Card
PAY01960,INV02268,2025-06-29,235.93,Card
PAY01961,INV02270,2025-08-07,2040.17,Bank Transfer
PAY01962,INV02271,2025-07-21,208.68,Bank Transfer
PAY01963,INV02272,2025-07-09,202.88,Card
PAY01964,INV02273,2025-07-31,308.79,Bank Transfer
PAY01965,INV02274,2025-07-20,212.55,Card
PAY01966,INV02275,2025-08-07,797.04,Card
PAY01967,INV02276,2025-08-08,702.67,Card
PAY01968,INV02277,2025-06-22,167.8,Bank Transfer
PAY01969,INV02278,2025-06-17,394.7,Card
PAY01970,INV02279,2025-07-18,849.43,Card
PAY01971,INV02280,2025-07-17,316.14,Bank Transfer
PAY01972,INV02281,2025-07-12,229.41,Bank Transfer
PAY01973,INV02282,2025-07-10,213.28,Bank Transfer
PAY01974,INV02283,2025-07-13,1342.12,Card
PAY01975,INV02283,2025-06-24,1376.85,Bank Transfer
PAY01976,INV02284,2025-07-10,426.7,Bank Transfer
PAY01977,INV02284,2025-08-01,322.93,Bank Transfer
PAY01978,INV02285,2025-07-05,5411.46,Bank Transfer
PAY01979,INV02286,2025-07-21,56.83,Bank Transfer
PAY01980,INV02286,2025-08-13,130.27,Bank Transfer
PAY01981,INV02287,2025-07-18,178.96,Card
PAY01982,INV02287,2025-06-13,353.22,Bank Transfer
PAY01983,INV02288,2025-07-10,698.79,Card
PAY01984,INV02289,2025-07-15,294.18,Bank Transfer
PAY01985,INV02290,2025-07-09,112.24,Bank Transfer
PAY01986,INV02292,2025-08-10,121.45,Card
PAY01987,INV02293,2025-08-05,192.93,Bank Transfer
PAY01988,INV02294,2025-07-01,536.88,Card
PAY01989,INV02295,2025-06-26,97.99,Card
PAY01990,INV02296,2025-07-04,241.76,Card
PAY01991,INV02297,2025-08-06,308.18,Bank Transfer
PAY01992,INV02298,2025-07-14,184.39,Bank Transfer
PAY01993,INV02299,2025-08-02,1557.98,Bank Transfer
PAY01994,INV02300,2025-07-28,249.04,Bank Transfer
PAY01995,INV02301,2025-08-19,82.79,Card
PAY01996,INV02302,2025-07-23,242.67,Bank Transfer
PAY01997,INV02303,2025-08-01,237.98,Bank Transfer
PAY01998,INV02304,2025-08-01,145.54,Card
PAY01999,INV02305,2025-07-31,1120.75,Bank Transfer
PAY02000,INV02308,2025-06-25,286.97,Bank Transfer
PAY02001,INV02309,2025-06-27,87.08,Card
PAY02002,INV02310,2025-06-10,263.81,Card
PAY02003,INV02311,2025-07-05,981.78,Card
PAY02004,INV02313,2025-06-24,771.45,Card
PAY02005,INV02315,2025-07-06,941.73,Card
PAY02006,INV02317,2025-08-12,94.58,Card
PAY02007,INV02317,2025-07-19,104.95,Card
PAY02008,INV02319,2025-07-10,653.16,Bank Transfer
PAY02009,INV02320,2025-07-06,234.74,Card
PAY02010,INV02321,2025-07-08,228.91,Bank Transfer
PAY02011,INV02322,2025-06-23,251.11,Bank Transfer
PAY02012,INV02323,2025-06-25,151.47,Card
PAY02013,INV02323,2025-07-30,123.66,Bank Transfer
PAY02014,INV02324,2025-07-29,90.14,Bank Transfer
PAY02015,INV02325,2025-08-10,247.93,Bank Transfer
PAY02016,INV02326,2025-07-16,183.45,Bank Transfer
PAY02017,INV02328,2025-07-15,57.9,Card
PAY02018,INV02328,2025-07-15,65.24,Bank Transfer
PAY02019,INV02329,2025-07-13,633.33,Bank Transfer
PAY02020,INV02332,2025-07-27,1081.65,Bank Transfer
PAY02021,INV02333,2025-07-02,193.98,Card
PAY02022,INV02334,2025-07-27,43.26,Card
PAY02023,INV02334,2025-07-25,34.4,Card
PAY02024,INV02335,2025-06-24,258.86,Card
PAY02025,INV02336,2025-08-05,201.34,Bank Transfer
PAY02026,INV02338,2025-07-26,190.15,Card
PAY02027,INV02339,2025-07-21,3502.01,Card
PAY02028,INV02340,2025-06-28,131.0,Card
PAY02029,INV02340,2025-07-14,172.81,Bank Transfer
PAY02030,INV02341,2025-07-27,172.88,Bank Transfer
PAY02031,INV02342,2025-07-28,153.08,Bank Transfer
PAY02032,INV02344,2025-07-20,925.21,Bank Transfer
PAY02033,INV02345,2025-07-07,343.62,Card
PAY02034,INV02346,2025-08-03,230.07,Bank Transfer
PAY02035,INV02347,2025-07-08,513.79,Card
PAY02036,INV02347,2025-07-05,451.57,Card
PAY02037,INV02349,2025-07-04,231.16,Card
PAY02038,INV02350,2025-07-08,343.64,Bank Transfer
PAY02039,INV02351,2025-08-09,283.57,Card
PAY02040,INV02353,2025-07-19,163.83,Card
PAY02041,INV02354,2025-07-31,186.27,Card
PAY02042,INV02355,2025-07-27,216.16,Bank Transfer
PAY02043,INV02356,2025-07-12,250.16,Bank Transfer
PAY02044,INV02357,2025-07-29,34.34,Card
PAY02045,INV02357,2025-08-03,58.78,Bank Transfer
PAY02046,INV02358,2025-07-19,254.73,Card
PAY02047,INV02360,2025-06-19,194.86,Card
PAY02048,INV02364,2025-07-03,4720.87,Card
PAY02049,INV02365,2025-07-10,3978.34,Card
PAY02050,INV02366,2025-08-05,2796.28,Bank Transfer
PAY02051,INV02368,2025-07-23,56.93,Card
PAY02052,INV02368,2025-07-25,113.94,Card
PAY02053,INV02370,2025-08-12,195.84,Card
PAY02054,INV02370,2025-06-30,201.82,Bank Transfer
PAY02055,INV02371,2025-07-01,133.57,Bank Transfer
